Date,A17U.SI,A68U.SI,AP4.SI,BN4.SI,C07.SI,C2PU.SI,C31.SI,C52.SI,D05.SI,G92.SI,M44U.SI,O39.SI,S08.SI,S58.SI,S63.SI,U11.SI,U14.SI,V03.SI,Y92.SI,Z74.SI
28/12/2009,2.16977,1.10282,0.21808,7.2249,26.2609,1.22,4.2,1.64,15.4,0.95,0.7758,8.83192,1.01,2.74,3.25,19.700001,4.07,8.85,0.245,3.11
4/01/2010,1.98407,1.24067,0.23485,7.59361,25.7551,1.35,4.24,1.63,15.38,1.01667,0.78568,8.64752,1.02,2.67,3.26,19.92,4.07,9.2,0.245,3.05
11/01/2010,1.99385,1.24986,0.2705,7.5146,25.8913,1.35,4.28,1.63,15.14,1.03333,0.78074,8.54076,1.02,2.62,3.21,19.42,4.08,9.3,0.25,3.01
18/01/2010,1.90588,1.18553,0.27679,7.2249,25.191,1.34,4.07,1.64,14.82,0.99167,0.79063,8.20107,1.05,2.66,3.26,18.719999,3.95,9.17,0.255,3.01
25/01/2010,1.89611,1.06606,0.26001,7.3478,24.607401,1.3,3.86,1.59,14.28,0.925,0.77086,7.94873,1.01,2.48,3.09,18.16,3.74,8.47,0.26,3.01
1/02/2010,1.90588,1.04768,0.26001,7.18101,24.568501,1.27,3.64,1.53,14.04,0.90833,0.77086,7.85168,1.03,2.61,3.16,18,3.7,8.63,0.255,2.9
8/02/2010,1.85701,1.06606,0.2684,7.32147,22.954,1.29,3.93,1.54,14.18,0.94167,0.77086,8.2496,1.04,2.6,3.25,18.42,3.94,8.9,0.255,3.02
15/02/2010,1.87656,1.03849,0.2663,7.36536,22.9734,1.3,3.9,1.55,14.1,0.925,0.7758,8.28842,1.04,2.56,3.1,18.6,3.9,8.8,0.25,3.01
22/02/2010,1.88634,1.04768,0.26421,7.38292,23.6154,1.29,3.78,1.55,14,0.94167,0.78074,8.23989,1.05,2.61,3.13,18.639999,3.98,8.44,0.25,3.05
1/03/2010,1.91566,1.13039,0.2663,7.46193,24.8214,1.3,3.9,1.54,14.06,0.95833,0.78074,8.27872,1.06,2.61,3.12,17.860001,3.91,8.44,0.255,3.07
8/03/2010,1.91566,1.16715,0.26211,7.75163,26.5138,1.34,3.93,1.57,14.3,0.98333,0.81039,8.61841,1.07,2.65,3.2,18.700001,3.94,8.48,0.27,3.14
15/03/2010,1.87656,1.22229,0.25582,7.91842,26.5138,1.4,4.04,1.57,14.12,0.99167,0.84498,8.63782,1.09,2.64,3.29,19.440001,3.96,8.66,0.275,3.25
22/03/2010,1.90588,1.15796,0.26421,8.03255,28.4007,1.37,4.03,1.59,14.6,0.99167,0.84992,8.45341,1.09,2.67,3.25,19.48,3.94,8.75,0.275,3.2
29/03/2010,1.89611,1.13958,0.26211,8.28713,30.4237,1.37,4.04,1.56,14.56,1.10833,0.84004,8.6087,1.07,2.69,3.26,19.66,3.94,8.86,0.28,3.19
5/04/2010,1.90588,1.15796,0.26001,8.25201,29.412201,1.33,4.07,1.56,14.68,1.25833,0.82522,8.66693,1.07,2.7,3.32,19.84,4.07,9.4,0.285,3.16
12/04/2010,1.94498,1.14877,0.26001,8.37492,28.711901,1.36,4.1,1.59,15.48,1.39167,0.84498,8.89016,1.09,2.9,3.3,20.459999,4.09,9.8,0.295,3.12
19/04/2010,1.92543,1.13039,0.25792,8.83141,29.062,1.32,3.94,1.58,15.48,1.45833,0.87463,8.55047,1.09,2.85,3.29,20.219999,3.98,9.76,0.29,3.14
26/04/2010,1.89611,1.10282,0.28518,8.63828,29.645599,1.33,3.76,1.57,15.3,1.35833,0.86969,8.54076,1.09,2.82,3.18,20.32,3.85,9.89,0.285,3.05
3/05/2010,1.80815,1.0293,0.26421,7.86575,27.894899,1.31,3.63,1.45,14.36,1.21667,0.80051,8.29813,1.09,2.7,3.05,18.719999,3.62,8.78,0.285,2.98
10/05/2010,1.82769,1.06606,0.26421,8.03255,28.517401,1.36,3.64,1.49,14.36,1.26667,0.81039,8.58929,1.14,2.75,3.22,18.98,3.73,8.94,0.295,2.96
17/05/2010,1.87656,1.00173,0.26001,7.54094,26.144199,1.32,3.51,1.44,13.6,1.125,0.78074,8.10402,1.12,2.54,3.09,18.459999,3.67,8.45,0.27,2.86
24/05/2010,1.85701,0.96497,0.27259,7.65506,27.019501,1.32,3.57,1.45,13.78,1.09167,0.78074,8.11372,1.11,2.68,3.11,18.16,3.87,8.42,0.27,2.87
31/05/2010,1.83747,1.02011,0.25792,7.61117,29.101,1.36,3.6,1.42,13.78,1.14167,0.82027,8.29813,1.1,2.64,3.18,19.280001,3.74,8.7,0.275,2.96
7/06/2010,1.81792,1.01092,0.26001,7.45315,28.225599,1.35,3.63,1.43,13.6,1.11667,0.82027,8.0749,1.11,2.61,3.14,19.280001,3.79,8.59,0.28,2.97
14/06/2010,1.82769,1.03849,0.25163,7.67262,30.1514,1.39,3.7,1.45,13.58,1.18333,0.83016,8.23989,1.12,2.59,3.11,19.58,3.75,8.6,0.29,3.1
21/06/2010,1.80815,1.04768,0.29,7.69018,28.556299,1.37,3.72,1.51,13.66,1.16667,0.82522,8.40489,1.13,2.68,3.28,19.559999,3.78,9.06,0.285,3.05
28/06/2010,1.83747,1.00173,0.28,7.38292,30.0152,1.34,3.62,1.47,13.88,1.10833,0.83016,8.66693,1.1,2.74,3.33,19.6,3.78,8.95,0.275,3.08
5/07/2010,1.88634,1.07525,0.2725,7.70773,32.057701,1.35,3.68,1.52,14.24,1.18333,0.84004,8.71546,1.13,2.8,3.28,19.76,3.76,9.04,0.29,3.09
12/07/2010,1.95475,1.08444,0.28,7.72529,33.575001,1.44,3.79,1.51,14.8,1.175,0.84498,8.73487,1.13,2.81,3.24,19.879999,3.91,9.38,0.28,3.13
19/07/2010,2.01339,1.13039,0.285,7.84819,34.508801,1.43,3.88,1.55,14.4,1.21667,0.86969,8.71546,1.11,2.81,3.25,19.360001,3.92,9.45,0.28,3.09
26/07/2010,2.07204,1.08444,0.29,8.19934,34.82,1.49,3.96,1.6,14.4,1.20833,0.86969,8.76399,1.14,2.92,3.24,19.860001,3.95,9.15,0.285,3.12
2/08/2010,2.12091,1.08444,0.3,7.97109,33.186001,1.44,4.09,1.59,14.62,1.25833,0.85486,8.67664,1.14,2.87,3.22,19.52,4.1,9.14,0.285,3.04
9/08/2010,2.01339,1.09363,0.285,7.70773,32.680199,1.42,3.97,1.55,14.2,1.19167,0.84004,8.434,1.13,2.74,3.21,18.860001,3.96,8.95,0.285,3.04
16/08/2010,2.01339,1.10282,0.2725,7.6814,32.0966,1.44,4.05,1.53,13.96,1.19167,0.84992,8.37577,1.13,2.79,3.15,18.799999,4,8.81,0.29,2.96
23/08/2010,1.98407,1.0293,0.27,7.76918,31.941,1.53,4,1.49,13.72,1.175,0.8351,8.41459,1.13,2.77,3.15,18.780001,3.98,8.66,0.28,3
30/08/2010,2.14045,1.06606,0.2675,7.90087,34.372601,1.53,3.94,1.54,14.12,1.175,0.83016,8.6087,1.18,2.78,3.27,18.639999,4.04,8.69,0.295,3.1
6/09/2010,2.18932,1.05687,0.265,7.89209,34.917301,1.61,3.99,1.53,14.16,1.225,0.8351,8.47282,1.21,2.79,3.27,18.76,4.15,8.8,0.28,3.06
13/09/2010,2.13068,1.0659,0.2675,7.98865,36.376202,1.64,3.97,1.54,13.94,1.275,0.84498,8.54076,1.21,2.77,3.32,18.52,4.29,8.85,0.285,3.11
20/09/2010,2.12091,1.0659,0.26,7.93598,37.018101,1.56,4.05,1.55,14.08,1.3,0.86969,8.54076,1.22,2.8,3.32,18.559999,4.36,9.12,0.285,3.14
27/09/2010,2.12091,1.07517,0.26,7.99743,38.029701,1.62,4.12,1.54,14.22,1.26667,0.87944,8.59899,1.22,2.85,3.4,18.559999,4.58,9.73,0.275,3.19
4/10/2010,2.06226,1.08444,0.26,8.26079,38.515999,1.64,4.2,1.52,14.42,1.325,0.8695,8.73487,1.21,2.81,3.3,18.68,4.62,9.51,0.275,3.09
11/10/2010,2.05249,1.10298,0.26,8.56805,37.485001,1.66,4.13,1.51,14.86,1.35,0.86453,8.92898,1.18,2.82,3.38,18.780001,4.62,9.57,0.28,3.07
18/10/2010,2.03294,1.14932,0.2575,8.68217,37.893501,1.65,4,1.47,14.5,1.30833,0.88441,8.7931,1.17,2.77,3.37,18.440001,4.59,9.11,0.28,3.05
25/10/2010,2.01339,1.17713,0.2575,8.76118,38.224201,1.67,3.89,1.48,13.9,1.275,0.89435,8.74458,1.18,2.83,3.31,18.639999,4.55,9.06,0.28,3.09
1/11/2010,2.03294,1.15859,0.265,9.12989,37.426601,1.69,3.92,1.5,14.22,1.35,0.89931,9.13279,1.18,2.9,3.4,18.379999,4.66,9.39,0.28,3.21
8/11/2010,2.04272,1.12152,0.2575,9.23523,37.1348,1.67,3.82,1.46,14.04,1.33333,0.90925,9.686,1.18,2.86,3.36,18.42,4.62,9.1,0.28,3.27
15/11/2010,2.02317,1.10298,0.26,9.55127,37.095901,1.63,3.8,1.55,13.9,1.30833,0.89435,9.5016,1.16,2.82,3.34,18.32,4.65,9.03,0.28,3.12
22/11/2010,2.03294,1.10298,0.26,9.48104,36.687401,1.61,3.7,1.49,13.88,1.275,0.90925,9.33661,1.15,2.86,3.25,18.48,4.6,9.07,0.29,3.1
29/11/2010,2.05249,1.10298,0.26,9.4986,36.376202,1.61,3.67,1.54,14.04,1.30833,0.90925,9.5016,1.13,2.86,3.31,18.219999,4.64,8.97,0.295,3.09
6/12/2010,2.05249,1.13079,0.2575,9.53371,36.123299,1.62,3.67,1.54,14.02,1.275,0.91919,9.55983,1.14,2.88,3.28,18.139999,4.68,9.16,0.29,3.14
13/12/2010,1.96453,1.1864,0.2575,9.48104,34.567101,1.63,3.62,1.57,14.4,1.26667,0.94403,9.58895,1.23,2.79,3.23,17.98,4.51,9.19,0.295,3.09
20/12/2010,2.00362,1.12152,0.2525,9.48104,34.372601,1.64,3.65,1.54,14.32,1.275,0.94403,9.49189,1.18,2.84,3.36,17.879999,4.59,9.37,0.285,3.04
27/12/2010,2.02317,1.13079,0.255,9.93753,35.598099,1.65,3.71,1.55,14.32,1.28333,0.95894,9.58895,1.18,2.88,3.42,18.200001,4.75,9.26,0.285,3.05
3/01/2011,2.11113,1.14932,0.2575,10.1833,35.267399,1.7,3.88,1.59,14.9,1.3,0.949,9.99657,1.19,2.86,3.34,19.440001,4.87,9.51,0.29,3.06
10/01/2011,2.13068,1.14005,0.2525,10.1658,34.6255,1.74,3.71,1.64,14.7,1.28333,0.96391,9.8607,1.18,2.9,3.37,19.16,5,9.91,0.29,3.1
17/01/2011,2.04272,1.13079,0.2525,9.97265,33.477798,1.78,3.64,1.62,14.82,1.30833,0.98875,9.65688,1.19,2.91,3.3,19.299999,4.83,9.75,0.285,3.04
24/01/2011,2.07204,1.12152,0.2525,10.552,34.1003,1.75,3.64,1.62,15.14,1.28333,0.949,9.69571,1.17,2.82,3.32,19.98,4.84,9.68,0.29,3.16
31/01/2011,2.06226,1.12152,0.255,10.394,32.816399,1.8,3.61,1.58,15.14,1.28333,0.93906,9.56954,1.18,2.76,3.27,19.9,4.99,9.77,0.28,3.1
7/02/2011,2.01339,1.09371,0.255,9.79707,30.3654,1.79,3.34,1.56,14.8,1.25,0.92416,9.22985,1.18,2.6,3.12,18.6,4.54,9.31,0.28,3.04
14/02/2011,1.9743,1.12152,0.25,10.2887,33.186001,1.75,3.39,1.55,14.6,1.23333,0.91919,9.13279,1.14,2.64,3.28,18.799999,4.52,9.38,0.29,2.95
21/02/2011,1.98407,1.10298,0.245,10.0253,32.796902,1.75,3.32,1.54,14.32,1.15833,0.90428,8.98721,1.15,2.58,3.26,18.24,4.51,9.45,0.285,2.98
28/02/2011,1.94498,1.09371,0.245,10.2536,34.391998,1.76,3.37,1.52,14.2,1.13333,0.91919,9.02603,1.16,2.66,3.17,18.5,4.7,9.34,0.28,2.91
7/03/2011,1.92543,1.10298,0.2425,10.2711,34.236401,1.7,3.29,1.51,14.36,1.10833,0.90428,8.99692,1.16,2.62,3.2,18.74,4.76,9.31,0.29,2.96
14/03/2011,1.84724,1.0381,0.235,10.0078,32.5051,1.66,3.14,1.5,14,1.04167,0.83472,8.73487,1.16,2.53,3.12,18.120001,4.59,8.95,0.285,2.85
21/03/2011,1.94498,1.09371,0.24,10.4643,35.870399,1.75,3.33,1.51,14.32,1.13333,0.87944,9.13279,1.16,2.56,3.18,18.58,4.75,9.35,0.29,2.91
28/03/2011,1.95475,1.10298,0.24,10.8856,35.851002,1.73,3.34,1.57,14.72,1.13333,0.89931,9.30749,1.16,2.56,3.24,18.98,4.8,9.65,0.29,3.03
4/04/2011,1.95475,1.10298,0.2375,11.1666,36.512402,1.73,3.5,1.55,14.8,1.19167,0.90925,9.47248,1.14,2.63,3.27,19.52,4.96,9.78,0.285,3.07
11/04/2011,1.9352,1.08444,0.235,10.991,35.6954,1.75,3.41,1.55,14.66,1.15833,0.90428,9.40454,1.15,2.55,3.24,19.58,4.96,9.44,0.29,3.06
18/04/2011,1.95475,1.12152,0.235,11.3597,35.851002,1.73,3.45,1.55,14.94,1.15833,0.90925,9.19102,1.15,2.53,3.28,19.92,4.95,9.54,0.29,3.12
25/04/2011,1.98407,1.10298,0.2275,11.4914,35.870399,1.73,3.4,1.53,14.98,1.125,0.89931,9.26867,1.16,2.58,3.15,19.620001,4.84,9.65,0.285,3.12
2/05/2011,1.94498,1.09371,0.2225,10.9313,35.773201,1.75,3.28,1.47,14.5,1.08333,0.88441,8.87075,1.15,2.57,3.05,18.799999,4.79,9.65,0.285,3.1
9/05/2011,1.96453,1.10298,0.225,11.2403,37.504398,1.77,3.2,1.49,14.76,1.06667,0.89435,9.19102,1.15,2.67,3.08,19.5,4.9,8.95,0.285,3.16
16/05/2011,1.9743,1.10298,0.2225,11.0279,37.854599,1.79,3.14,1.49,14.74,1.05,0.90428,9.23955,1.16,2.67,3.04,19.440001,4.99,8.66,0.29,3.22
23/05/2011,1.9743,1.08444,0.22,10.9313,38.5938,1.82,3.11,1.44,14.72,1.04167,0.89931,9.08427,1.14,2.64,2.97,19.459999,4.92,8.8,0.28,3.17
30/05/2011,2.00362,1.08444,0.215,11.0858,38.418701,1.82,3.05,1.45,14.9,1.03333,0.90925,9.16191,1.15,2.63,3,19.48,4.98,8.96,0.285,3.17
6/06/2011,1.94498,1.08444,0.205,10.7188,37.9324,1.81,2.96,1.4,14.52,1.01667,0.89435,8.98721,1.16,2.64,2.92,19.02,4.93,8.85,0.29,3.12
13/06/2011,1.96453,1.07517,0.205,10.0815,37.835098,1.78,2.75,1.35,14,1.01667,0.89931,8.76399,1.14,2.51,2.85,18.780001,4.85,8.34,0.28,3.02
20/06/2011,1.99385,1.09371,0.2025,10.4485,39.157902,1.83,2.92,1.42,14.4,1.00833,0.91422,8.89986,1.15,2.57,2.84,19.139999,4.86,8.55,0.28,3.12
27/06/2011,2.02317,1.08444,0.2025,10.7961,42.7761,1.82,2.91,1.47,14.8,1,0.92913,9.18132,1.16,2.61,3,19.860001,4.96,8.62,0.28,3.18
4/07/2011,2.10136,1.10298,0.1975,10.6706,45.236801,1.82,3.07,1.435,14.94,1,0.93906,9.18132,1.125,2.61,3.05,19.68,4.93,8.4,0.275,3.19
11/07/2011,2.11113,1.09371,0.195,10.294,44.118301,1.84,2.92,1.415,14.75,0.95833,0.92416,9.11338,1.12,2.65,2.98,19.620001,4.96,8.06,0.27,3.22
18/07/2011,2.04272,1.11688,0.1925,10.7768,46.083,1.84,2.95,1.43,15.1,0.975,0.92913,9.58895,1.1,2.62,3.06,20.16,5.03,8.06,0.275,3.32
25/07/2011,1.99385,1.09835,0.1925,10.6899,47.036201,1.86,2.9,1.435,15.53,1.025,0.91422,9.65688,1.095,2.52,3.02,20.450001,5.16,7.88,0.275,3.36
1/08/2011,1.95475,1.04737,0.19,9.94631,43.719501,1.85,2.67,1.36,14.53,0.95,0.89931,9.1522,1.09,2.15,2.91,19.1,4.88,7.21,0.275,3.06
8/08/2011,1.94498,1.0242,0.18,8.86477,41.754799,1.815,2.57,1.26,13.76,0.80833,0.84963,8.82222,1.025,2.06,2.69,18.799999,4.58,7.2,0.265,3.02
15/08/2011,2.00362,1.00566,0.1875,8.30469,41.210098,1.83,2.39,1.305,13.51,0.7625,0.83472,8.49224,1.01,2.13,2.83,18.540001,4.56,7.05,0.275,2.86
22/08/2011,2.04272,0.99639,0.185,8.17915,41.2393,1.88,2.49,1.36,12.81,0.75833,0.8546,8.2496,1.035,2.13,2.91,17.639999,4.49,7.03,0.27,3.1
29/08/2011,2.06226,1.03346,0.2,8.62336,45.48,1.915,2.54,1.37,13.1,0.79583,0.88938,8.46312,1.06,2.3,2.89,18.110001,4.67,7.39,0.28,3.13
5/09/2011,2.05249,1.00566,0.2,8.45919,45.0812,1.91,2.64,1.36,12.78,0.77917,0.8695,8.22048,1.035,2.24,2.93,17.709999,4.57,7.32,0.26,3.11
12/09/2011,2.10136,1.00102,0.2,8.44954,40.5779,1.95,2.54,1.33,12.63,0.775,0.89435,8.23019,1.045,2.28,2.93,17.77,4.54,7.06,0.26,3.06
19/09/2011,2.03294,0.96395,0.195,8.06327,36.171902,1.84,2.53,1.315,12.07,0.77083,0.84466,7.92932,1.035,2.2,2.95,17.23,4.21,7.09,0.255,3.06
26/09/2011,1.98407,0.93614,0.1975,7.48387,40.830799,1.83,2.47,1.31,11.84,0.74583,0.84466,7.8905,1.025,2.2,2.81,17,4.16,6.68,0.255,3.18
3/10/2011,1.90588,0.88053,0.19,7.62872,40.5779,1.8,2.42,1.31,11.54,0.75833,0.79994,7.65757,1.025,2.1,2.8,16.57,3.87,6.47,0.255,3.14
10/10/2011,1.95475,0.92224,0.195,8.40125,40.675201,1.8,2.52,1.35,12.22,0.8125,0.82479,8.05549,1.03,2.24,2.8,17.110001,4.13,6.95,0.275,3.17
17/10/2011,1.94498,0.94541,0.1975,8.64267,40.1208,1.79,2.45,1.33,11.82,0.775,0.8546,7.81286,1.025,2.35,2.78,16.58,4.12,6.48,0.27,3.19
24/10/2011,1.99385,0.98712,0.195,9.39588,45.2271,1.82,2.75,1.39,12.8,0.8125,0.8695,8.34665,1.05,2.47,2.86,17.49,4.47,6.88,0.265,3.26
31/10/2011,1.98407,0.96395,0.19,9.07722,44.721298,1.81,2.73,1.42,12.66,0.78333,0.84466,8.27872,1.03,2.45,2.85,16.43,4.48,6.88,0.265,3.15
7/11/2011,1.94498,0.94541,0.1925,8.93237,44.8088,1.795,2.69,1.395,12.64,0.7875,0.82975,8.02638,1.02,2.38,2.82,15.89,4.44,6.85,0.26,3.18
14/11/2011,1.94498,0.94078,0.1975,8.69095,43.272099,1.79,2.62,1.4,12.43,0.77917,0.81982,7.90991,1,2.37,2.77,15.75,4.3,6.56,0.255,3.12
21/11/2011,1.90588,0.91761,0.195,8.60404,43.7682,1.795,2.43,1.395,11.93,0.7375,0.81485,7.57022,0.96,2.07,2.69,14.77,4.26,6.5,0.25,3.02
28/11/2011,1.99385,0.91297,0.21,9.22207,45.810699,1.8,2.63,1.41,12.8,0.75417,0.84466,7.95844,0.975,2.14,2.82,15.86,4.25,6.54,0.255,3.12
5/12/2011,1.8619,0.93614,0.19,8.88408,47.6586,1.76,2.35,1.42,12.08,0.85833,0.83472,7.72551,0.95,2.18,2.73,15.36,3.87,6.41,0.25,3.13
12/12/2011,1.82281,0.90834,0.2,8.79717,46.6082,1.75,2.3,1.41,11.64,0.8375,0.82479,7.74492,0.945,2.34,2.65,15.51,4.09,6.07,0.245,3.18
19/12/2011,1.81792,0.91297,0.2025,9.20275,48.3298,1.755,2.29,1.41,11.64,0.83333,0.84466,7.65757,0.935,2.22,2.7,15.48,4.1,6.16,0.245,3.13
26/12/2011,1.7886,0.91761,0.2,8.98065,46.8027,1.79,2.21,1.415,11.52,0.82083,0.83969,7.59934,0.935,2.15,2.69,15.27,4,6.2,0.245,3.09
2/01/2012,1.87656,0.91761,0.21,9.27035,48.631302,1.77,2.28,1.43,11.86,0.84167,0.8546,7.74492,0.935,2.23,2.71,15.41,4.1,6.39,0.255,3.14
9/01/2012,1.94498,0.94078,0.2025,9.91734,49.701199,1.77,2.4,1.445,12.92,0.89167,0.88441,7.91962,0.95,2.29,2.77,16.34,4.14,6.52,0.265,3.15
16/01/2012,1.88145,0.92687,0.2075,10.2263,48.534,1.785,2.53,1.45,12.99,0.9375,0.88441,8.02638,0.955,2.27,2.84,16.959999,4.17,6.8,0.26,3.05
23/01/2012,1.88145,0.92224,0.2025,10.4774,49.1954,1.785,2.65,1.44,13.46,0.95833,0.88441,8.33695,0.985,2.27,2.9,17.4,4.26,7.28,0.28,3.08
30/01/2012,1.88634,0.93151,0.2075,10.207,49.837299,1.75,2.65,1.46,13.4,0.975,0.8695,8.4243,0.97,2.31,2.92,17.459999,4.46,7.23,0.285,3.16
6/02/2012,1.89611,0.95005,0.215,10.4485,47.366901,1.73,2.86,1.475,13.55,0.98333,0.88938,8.54076,0.975,2.43,2.99,17.52,4.66,7.7,0.305,3.07
13/02/2012,1.93032,0.95468,0.21,10.4002,48.2617,1.745,2.89,1.505,13.94,1.00417,0.87944,8.58929,0.96,2.49,3.03,17.65,4.84,7.9,0.29,3.08
20/02/2012,1.96453,0.98249,0.2075,10.5547,44.040501,1.77,3.1,1.51,14.16,1.02917,0.89435,8.72517,0.96,2.45,3.13,18.110001,4.79,7.87,0.29,3.12
27/02/2012,2.03294,1.00566,0.2125,10.6706,46.2192,1.805,3.07,1.53,14.23,0.975,0.91919,8.73487,0.975,2.43,3.15,18.15,4.8,8.37,0.305,3.15
5/03/2012,1.98407,0.99639,0.2175,10.3712,45.907902,1.805,2.94,1.535,14.25,0.97083,0.90925,8.54076,0.975,2.42,3.09,17.719999,4.72,8.65,0.305,3.09
12/03/2012,1.95475,1.00566,0.2175,10.6223,46.199699,1.825,3.07,1.515,14.31,0.99583,0.92913,8.73487,0.975,2.48,3.13,18.549999,4.77,8.8,0.305,3.12
19/03/2012,1.94009,1.00102,0.2175,10.4581,46.442902,1.785,3.06,1.52,14.18,0.98333,0.91919,8.62811,0.985,2.48,3.15,18.17,4.72,8.58,0.315,3.1
26/03/2012,1.9743,0.98712,0.2175,10.6126,46.968102,1.795,3.12,1.56,14.18,0.975,0.93906,8.65723,1.02,2.49,3.25,18.35,4.74,8.52,0.325,3.15
2/04/2012,1.95475,1.01029,0.2175,10.6512,47.6003,1.8,3.06,1.52,13.34,0.975,0.94403,8.56017,1.03,2.54,3.14,18.360001,4.69,8.55,0.31,3.1
9/04/2012,1.95475,0.99639,0.22,11.0665,46.073299,1.83,2.95,1.525,13.48,0.975,0.95894,8.56988,1.015,2.6,3.19,18.5,4.68,8.51,0.315,3.11
16/04/2012,2.02317,1.01956,0.23,10.9989,45.966301,1.85,2.94,1.52,13.71,0.96667,0.96887,8.64752,1,2.59,3.24,18.49,4.71,8.53,0.33,3.14
23/04/2012,2.01339,1.01956,0.2225,10.6319,46.297001,1.85,2.94,1.54,14,0.96667,0.95894,8.68634,1.025,2.62,3.02,19,4.54,8.52,0.33,3.1
30/04/2012,1.96453,1.04273,0.225,10.6416,46.472,1.86,2.94,1.485,14.19,0.925,0.96887,8.69605,1.02,2.59,3.05,19,4.65,7.66,0.365,3.12
7/05/2012,2.00362,1.00566,0.21,9.88837,44.273899,1.815,2.73,1.475,13.87,0.85417,0.96391,8.67664,1.02,2.55,3.05,18.299999,4.49,7.8,0.32,3.24
14/05/2012,1.9352,0.98249,0.2,9.55039,42.853901,1.805,2.5,1.48,13.27,0.77917,0.93409,8.17196,1,2.62,2.97,17.43,4.29,7.63,0.33,3.13
21/05/2012,1.94498,0.98249,0.1975,9.68558,42.1147,1.82,2.43,1.475,13.17,0.78333,0.95397,8.25931,1.015,2.6,2.97,17.41,4.19,7.88,0.33,3.08
28/05/2012,1.96453,0.97785,0.205,9.50211,40.1208,1.85,2.5,1.45,13.13,0.79167,0.97384,8.01667,1.015,2.62,2.96,17.26,4.25,7.93,0.33,3.07
4/06/2012,1.98407,0.95931,0.205,9.37657,40.996201,1.805,2.6,1.46,13.05,0.78333,0.96391,8.00696,1.01,2.59,2.9,17.32,4.38,7.85,0.345,3.12
11/06/2012,1.96453,0.98249,0.205,9.8594,42.795502,1.85,2.67,1.47,13.52,0.775,0.95894,8.44371,1.02,2.6,2.94,18,4.92,7.75,0.34,3.19
18/06/2012,2.00362,1.00566,0.205,9.75318,43.816799,1.85,2.64,1.49,13.66,0.79583,0.96887,8.45341,1.035,2.64,3.04,18.25,4.76,7.85,0.34,3.16
25/06/2012,2.10136,1.00566,0.22,9.927,45.042301,1.88,2.7,1.545,13.87,0.82083,0.97384,8.53106,1.055,2.68,3.11,18.66,4.93,7.82,0.34,3.3
2/07/2012,2.10136,1.0659,0.2125,10.545,47.9991,1.88,2.98,1.57,14.09,0.85417,1.00862,8.74458,1.045,2.78,3.2,19.4,5.08,7.95,0.34,3.36
9/07/2012,2.11113,1.09835,0.215,10.4581,45.2271,1.96,2.95,1.615,14.18,0.82917,0.99372,8.83192,1.04,2.78,3.24,19.389999,5.12,8.07,0.335,3.47
16/07/2012,2.16,1.09371,0.2125,10.7961,45.587002,2,2.95,1.64,14.68,0.83333,1.00862,9.23955,1.045,2.81,3.29,19.440001,5.1,7.71,0.365,3.44
23/07/2012,2.18932,1.12152,0.21,10.6223,44.3517,1.99,2.98,1.635,14.65,0.81667,0.98378,9.13279,1.055,2.81,3.3,19.5,5.13,7.52,0.325,3.48
30/07/2012,2.23819,1.11225,0.2125,10.883,45.849602,1.995,3.12,1.7,14.75,0.8125,1.03347,9.12309,1.065,2.54,3.29,19.969999,5.27,7.63,0.34,3.54
6/08/2012,2.24796,1.10761,0.215,11.0085,47.123699,2,2.99,1.645,14.7,0.81667,1.00862,9.08427,1.06,2.49,3.28,19.9,5.45,7.73,0.33,3.36
13/08/2012,2.18932,1.10761,0.2125,11.1824,47.882401,1.965,3.03,1.7,14.73,0.81667,1.01359,9.10368,1.06,2.56,3.34,19.98,5.44,7.85,0.335,3.29
20/08/2012,2.26751,1.14005,0.2075,10.9989,45.907902,1.945,3.06,1.68,14.53,0.8125,1.06825,8.99692,1.06,2.59,3.35,19.68,5.38,7.72,0.335,3.32
27/08/2012,2.30661,1.15859,0.2075,10.8057,45.0228,1.92,3.01,1.675,14.45,0.8,1.10303,9.01633,1.08,2.61,3.41,19.09,5.27,7.76,0.33,3.39
3/09/2012,2.28706,1.15859,0.2075,10.7671,45.917599,1.965,3.08,1.68,14.43,0.8125,1.13284,9.07456,1.09,2.64,3.43,19.049999,5.34,7.86,0.35,3.3
10/09/2012,2.31638,1.15859,0.2025,10.9313,47.357101,1.945,3.18,1.65,14.71,0.825,1.12787,9.07456,1.09,2.65,3.49,19.700001,5.6,8,0.345,3.33
17/09/2012,2.35548,1.14005,0.2075,11.0568,47.853199,1.985,3.17,1.7,14.5,0.86667,1.11793,9.07456,1.1,2.73,3.55,19.66,5.97,7.93,0.385,3.33
24/09/2012,2.35548,1.16323,0.21,11.0085,46.783298,1.985,3.18,1.715,14.39,0.8375,1.11793,9.06485,1.095,2.68,3.54,19.65,5.73,8.05,0.405,3.2
1/10/2012,2.3457,1.18176,0.2,11.0279,51.801998,2.05,3.3,1.71,14.46,0.85,1.13284,9.21044,1.115,2.8,3.55,19.84,5.79,8.02,0.395,3.21
8/10/2012,2.39457,1.18176,0.2025,10.8251,48.358898,2.07,3.16,1.64,14.18,0.82083,1.13781,9.01633,1.13,2.78,3.47,19,5.7,7.97,0.4,3.15
15/10/2012,2.41412,1.1864,0.1975,10.9023,49.9249,2.13,3.27,1.635,14.09,0.81667,1.15271,8.95809,1.16,2.76,3.51,18.549999,5.78,7.8,0.42,3.19
22/10/2012,2.41412,1.2003,0.2025,10.7188,48.777199,2.07,3.33,1.66,14.02,0.825,1.11296,8.90957,1.16,2.78,3.52,18.58,5.75,7.85,0.445,3.2
29/10/2012,2.28706,1.1864,0.2,10.236,46.637402,2.12,3.31,1.655,13.82,0.80417,1.05831,8.83192,1.145,2.78,3.57,18.360001,5.64,7.71,0.435,3.2
5/11/2012,2.24796,1.19567,0.215,9.80146,45.868999,2.16,3.42,1.605,14.08,0.8,1.09806,8.83192,1.145,2.81,3.5,18.299999,5.51,7.74,0.42,3.17
12/11/2012,2.28706,1.1864,0.2125,9.65661,44.740799,2.15,3.29,1.59,13.69,0.78333,1.08315,8.66693,1.125,2.84,3.5,17.969999,5.27,7.77,0.405,3.13
19/11/2012,2.3457,1.2003,0.215,10.2553,47.454399,2.15,3.41,1.66,13.88,0.79167,1.10303,8.87075,1.125,2.75,3.51,18.09,5.43,7.68,0.405,3.14
26/11/2012,2.3457,1.22347,0.2125,10.3422,47.454399,2.14,3.53,1.72,14.45,0.78333,1.10303,9.13279,1.155,2.84,3.67,18.719999,5.82,7.82,0.4,3.31
3/12/2012,2.33593,1.1864,0.215,10.3616,46.958401,2.15,3.69,1.75,14.79,0.8,1.09806,9.3172,1.16,2.9,3.73,19.73,5.84,7.74,0.395,3.35
10/12/2012,2.3457,1.20494,0.215,10.5161,47.055599,2.16,3.76,1.79,14.93,0.8,1.11296,9.49189,1.135,2.94,3.87,19.790001,5.81,7.98,0.385,3.39
17/12/2012,2.28706,1.22811,0.2175,10.4967,46.7346,2.16,3.66,1.745,14.9,0.82917,1.11296,9.43366,1.135,2.84,3.8,19.73,5.9,7.9,0.395,3.4
24/12/2012,2.33593,1.26518,0.225,10.6223,46.968102,2.15,3.75,1.795,14.98,0.83333,1.13284,9.55013,1.145,2.89,3.85,19.82,6.01,8,0.4,3.33
31/12/2012,2.33593,1.26982,0.225,10.7092,47.853199,2.21,3.8,1.8,14.92,0.89583,1.13284,9.55013,1.15,2.87,3.85,19.799999,6.03,8.12,0.415,3.36
7/01/2013,2.37502,1.31153,0.225,10.8347,47.551701,2.26,3.89,1.855,14.7,0.92917,1.13781,9.46278,1.17,3,3.86,19.219999,6.24,8.21,0.43,3.39
14/01/2013,2.45321,1.31153,0.225,10.912,47.950401,2.25,3.87,1.855,14.38,0.90833,1.15271,9.35602,1.175,2.95,3.82,18.76,6.16,8,0.435,3.49
21/01/2013,2.47276,1.31153,0.225,11.0568,50.819698,2.3,3.98,1.88,14.72,0.90417,1.15768,9.45307,1.21,3.05,3.84,18.860001,6.17,8.2,0.445,3.45
28/01/2013,2.49231,1.25591,0.225,11.1824,49.409401,2.4,3.98,1.915,15.15,0.90833,1.16762,9.53071,1.21,3.03,4,18.870001,6.3,8.47,0.52,3.5
4/02/2013,2.51186,1.22347,0.2325,11.1341,50.751598,2.33,3.86,1.905,14.98,0.94583,1.18749,9.58895,1.185,3,4,19.040001,6.32,8.48,0.52,3.57
11/02/2013,2.58027,1.25128,0.25,11.3175,50.1875,2.44,3.91,1.89,15,0.94167,1.23221,9.69571,1.21,2.96,4,19.32,6.23,8.5,0.56,3.48
18/02/2013,2.52163,1.24665,0.25,11.192,50.382,2.39,3.91,1.925,15.19,0.95833,1.17259,9.70541,1.205,2.95,4.21,19.639999,6.38,8.51,0.55,3.53
25/02/2013,2.54118,1.25128,0.25,11.2982,50.547298,2.46,3.86,1.94,15.15,0.95,1.23221,9.75394,1.205,2.91,4.2,19.15,6.47,8.38,0.58,3.44
4/03/2013,2.59005,1.25128,0.245,11.4431,52.7649,2.43,3.62,1.88,15.49,0.90833,1.19743,9.99657,1.215,2.91,4.19,19.790001,6.69,8.53,0.61,3.45
11/03/2013,2.49231,1.25128,0.25,11.3948,51.062801,2.38,3.4,1.91,15.75,0.9,1.16265,10.2295,1.22,2.92,4.21,19.9,6.76,8.7,0.61,3.58
18/03/2013,2.51186,1.26055,0.2525,10.9892,50.148602,2.49,3.51,1.92,15.54,0.89167,1.19743,9.8607,1.25,3.01,4.16,19.77,7.04,8.7,0.61,3.55
25/03/2013,2.54118,1.27909,0.25,10.8154,49.730301,2.53,3.53,1.91,16,0.9,1.20737,10.3363,1.245,3.04,4.31,20.379999,6.98,8.66,0.61,3.59
1/04/2013,2.65846,1.30226,0.2475,10.8734,49.973499,2.49,3.49,1.925,15.85,0.90833,1.23221,10.346,1.25,2.98,4.24,20.540001,6.97,8.63,0.615,3.61
8/04/2013,2.71711,1.31153,0.2425,11.0279,49.409401,2.63,3.55,1.92,15.67,0.875,1.31171,10.3168,1.26,3.01,4.29,20.370001,7.11,8.54,0.61,3.56
15/04/2013,2.65846,1.34397,0.24,10.8057,49.2537,2.65,3.51,1.925,15.69,0.84167,1.30177,10.4818,1.255,3.1,4.38,20.879999,7.04,8.38,0.565,3.69
22/04/2013,2.60959,1.3486,0.2425,10.7396,47.7948,2.64,3.65,1.95,16.219999,0.85,1.30177,10.7051,1.275,3.11,4.45,21.08,6.98,8.3,0.58,3.76
29/04/2013,2.59982,1.30226,0.2375,10.4126,46.686001,2.72,3.67,1.955,17.4,0.85,1.29183,10.4818,1.29,3.11,4.4,21.799999,7.18,7.21,0.62,3.81
6/05/2013,2.70733,1.31153,0.235,10.6801,44.838001,2.74,3.82,1.98,17.9,0.90417,1.33158,10.773,1.365,3.08,4.42,21.860001,7.26,7.27,0.63,3.91
13/05/2013,2.66824,1.35324,0.245,10.799,44.536499,2.7,3.75,2.09,17.459999,0.85833,1.33158,10.8409,1.39,3.23,4.31,22.02,7.3,7.28,0.67,4.02
20/05/2013,2.52163,1.3208,0.26,10.8089,45.577202,2.68,3.66,1.925,17.15,0.825,1.2819,10.5401,1.35,3.29,4.13,21.67,7.12,7.24,0.695,3.96
27/05/2013,2.26751,1.24665,0.26,10.4226,45.4702,2.49,3.46,1.905,17.16,0.79583,1.2024,10.0257,1.31,3.26,4.09,21.42,6.69,7.32,0.655,3.75
3/06/2013,2.24796,1.25591,0.255,10.3532,43.281799,2.48,3.28,1.855,15.97,0.80417,1.18252,9.83158,1.29,3.3,3.82,20.110001,6.46,7.36,0.64,3.7
10/06/2013,2.25774,1.21884,0.255,10.373,41.005901,2.44,3.22,1.755,15.99,0.77917,1.11296,9.85099,1.275,3.21,3.86,20.27,6.25,7.35,0.61,3.66
17/06/2013,2.14045,1.20494,0.2575,10.482,40.072201,2.48,3.05,1.8,15.45,0.77917,1.06328,9.69571,1.26,3.13,3.99,19.799999,6.1,7.36,0.605,3.57
24/06/2013,2.17955,1.19567,0.2525,10.3037,41.346298,2.36,3.08,1.835,15.5,0.81667,1.09309,9.70541,1.3,3.29,4.19,19.860001,6.72,7.26,0.59,3.77
1/07/2013,2.21864,1.22347,0.2625,10.4226,40.159698,2.38,3.06,1.845,15.9,0.79167,1.09806,9.60836,1.275,3.29,4.05,20.33,6.72,7.2,0.62,3.68
8/07/2013,2.1991,1.24201,0.28,10.7198,40.412601,2.43,3.16,1.92,16.379999,0.79583,1.11296,10.0645,1.28,3.3,4.25,20.879999,6.86,7.23,0.61,3.86
15/07/2013,2.27729,1.22811,0.3125,10.6504,39.4594,2.38,3.13,1.955,16.559999,0.7875,1.09806,10.0451,1.295,3.26,4.22,21.1,6.82,7.18,0.56,3.8
22/07/2013,2.29683,1.26055,0.3,10.4523,39.692799,2.46,3.26,1.995,16.799999,0.8,1.11296,10.2295,1.305,3.32,4.36,21.59,6.88,7.29,0.545,3.93
29/07/2013,2.24796,1.1864,0.3225,10.2541,40.607101,2.4,3.3,1.995,17.540001,0.82083,1.09309,10.4236,1.305,3.18,4.36,21.92,6.78,7.31,0.535,3.94
5/08/2013,2.29683,1.1725,0.315,10.1947,39.3913,2.43,3.23,1.975,17.200001,0.8,1.07322,10.4236,1.315,3.15,4.29,21.75,6.65,7.29,0.555,3.84
12/08/2013,2.22842,1.15859,0.315,10.3829,38.515999,2.32,3.2,1.945,17.02,0.79583,1.08315,10.2392,1.31,3.13,4.23,21.540001,6.32,7.4,0.53,3.72
19/08/2013,2.09158,1.13542,0.3175,10.1154,35.0145,2.29,3.09,1.825,16.16,0.77917,1.05334,9.73453,1.265,3.2,3.92,20.879999,6.35,7.66,0.47,3.57
26/08/2013,2.13068,1.10761,0.31,10.1,32.262001,2.21,3.05,1.845,15.8,0.75417,1.04837,9.59865,1.245,3.01,3.96,19.889999,6.4,7.6,0.475,3.51
2/09/2013,2.12091,1.10761,0.3125,10.36,32.388401,2.3,2.96,1.855,16.190001,0.75417,1.05831,9.59865,1.265,3.05,3.98,20.059999,6.22,7.62,0.505,3.48
9/09/2013,2.17955,1.10761,0.325,10.54,33.409698,2.21,3.08,1.885,16.34,0.79583,1.05334,9.79276,1.265,3.05,4.11,20.809999,6.21,7.48,0.53,3.61
16/09/2013,2.29683,1.17713,0.3425,10.84,38.029701,2.4,3.16,1.96,16.74,0.77083,1.08812,10.113,1.285,3.18,4.21,21.549999,6.45,7.39,0.58,3.8
23/09/2013,2.28706,1.15859,0.35,10.53,36.463699,2.39,3.17,1.955,16.530001,0.76667,1.06825,10.1422,1.28,3.26,4.21,21.280001,6.36,7.53,0.57,3.78
30/09/2013,2.22842,1.16786,0.3475,10.5,33.672298,2.33,3.06,1.915,16.26,0.75,1.03844,9.88981,1.27,3.45,4.15,20.370001,6.08,7.56,0.535,3.77
7/10/2013,2.24796,1.1864,0.3525,10.87,35.598099,2.38,3.16,1.91,16.469999,0.75417,1.06825,9.91893,1.27,3.39,4.19,20.629999,6.32,7.68,0.52,3.73
14/10/2013,2.28706,1.14469,0.355,10.87,35.802299,2.44,3.18,1.91,16.559999,0.75417,1.07818,10.113,1.28,3.4,4.2,20.700001,6.46,7.68,0.52,3.69
21/10/2013,2.27729,1.20494,0.3525,10.87,35.0923,2.55,3.13,1.915,16.6,0.775,1.08315,10.0936,1.29,3.4,4.16,20.790001,6.39,7.72,0.54,3.73
28/10/2013,2.29683,1.20957,0.3725,10.9,35.520302,2.44,3.11,1.905,16.68,0.79167,1.08315,10.0548,1.305,3.45,4.19,20.799999,6.58,7.79,0.55,3.76
4/11/2013,2.28706,1.16323,0.38,10.91,34.674099,2.4,3.06,1.89,16.879999,0.85417,1.07322,10.0839,1.315,3.31,4.05,20.860001,6.36,7.83,0.53,3.8
11/11/2013,2.24796,1.17457,0.365,10.98,33.477798,2.25,3.07,1.89,17.09,0.85,1.06328,10.2198,1.33,3.19,4.01,21.24,6.42,7.61,0.53,3.76
18/11/2013,2.21864,1.14101,0.3675,11.16,33.555599,2.29,3.03,1.94,17.09,0.84583,1.04837,10.1519,1.3,3.09,3.97,20.940001,6.15,7.51,0.5,3.71
25/11/2013,2.16977,1.14101,0.37,11.31,34.333698,2.22,3.03,1.965,17.18,0.83333,1.0434,10.1325,1.28,3.21,4.04,20.92,6.21,7.53,0.485,3.72
2/12/2013,2.12091,1.13143,0.365,10.9,33.477798,2.23,3.02,1.96,16.809999,0.83333,1.03347,9.75394,1.34,3.16,3.9,20.75,6.03,7.52,0.49,3.61
9/12/2013,2.09158,1.12184,0.3575,10.76,33.069302,2.18,2.96,1.935,16.559999,0.8375,1.00862,9.55983,1.31,3.12,3.78,20.24,6.03,7.6,0.49,3.57
16/12/2013,2.08181,1.14101,0.3575,10.85,33.652802,2.17,2.96,1.975,16.76,0.84583,1.00365,9.69571,1.32,3.18,3.84,20.68,6.05,7.6,0.51,3.57
23/12/2013,2.16,1.1506,0.365,11.18,35.2966,2.35,3.03,1.995,17.030001,0.86667,1.03844,9.88011,1.32,3.17,3.94,21.16,6.17,7.72,0.53,3.62
30/12/2013,2.13068,1.1554,0.365,11.03,34.6936,2.3,2.98,2.01,16.98,0.85833,1.03347,9.72482,1.35,3.2,3.85,20.9,6.06,7.66,0.535,3.6
6/01/2014,2.13068,1.16978,0.3725,11.03,35.500801,2.34,2.96,2,17.370001,0.85833,1.0434,9.46278,1.35,3.21,3.88,21.030001,6.12,7.7,0.535,3.56
13/01/2014,2.10136,1.17937,0.3675,11.01,38.3214,2.34,2.92,1.945,17.4,0.85833,1.00862,9.42395,1.34,3.19,3.85,20.49,5.98,7.7,0.55,3.52
20/01/2014,2.06226,1.16978,0.3675,10.68,36.4832,2.28,2.83,1.925,16.67,0.8625,1.01856,9.22014,1.35,3.2,3.82,20.190001,5.96,7.48,0.56,3.52
27/01/2014,2.08181,1.13622,0.37,10.4,34.041901,2.26,2.76,1.935,16.469999,0.85833,0.99869,9.02603,1.335,3.13,3.79,20,5.87,7.4,0.55,3.53
3/02/2014,2.09158,1.11704,0.3675,10.37,33.808498,2.23,2.82,1.92,16.35,0.85833,1.00365,9.02603,1.34,3.13,3.77,19.879999,5.78,7.23,0.53,3.51
10/02/2014,2.08181,1.11704,0.37,10.43,33.7015,2.27,2.88,1.94,16.48,0.87917,1.00862,9.10368,1.34,3.1,3.79,19.9,5.76,7.29,0.515,3.58
17/02/2014,2.09158,1.12184,0.3725,10.47,37.562801,2.31,2.87,1.95,16.690001,0.875,1.01856,9.36572,1.315,3.03,3.79,20.9,5.93,7.39,0.52,3.6
24/02/2014,2.11113,1.10745,0.4,10.47,38.165798,2.29,2.85,1.93,16.52,0.895,1.0285,9.27837,1.32,2.99,3.8,20.629999,6.12,7.55,0.56,3.6
3/03/2014,2.12091,1.13143,0.42,10.65,38.953701,2.26,2.83,1.955,16.23,0.885,1.0285,9.22014,1.33,3,3.78,20.52,6.09,7.54,0.61,3.62
10/03/2014,2.08181,1.13143,0.4,10.46,41.5214,2.33,2.75,1.95,15.73,0.875,1.01856,9.04544,1.305,3.02,3.76,19.9,5.98,7.45,0.605,3.52
17/03/2014,2.12091,1.12184,0.4,10.58,42.066101,2.34,2.74,1.945,15.83,0.865,1.02353,9.05515,1.325,3.01,3.73,20.6,6.1,7.38,0.625,3.52
24/03/2014,2.1991,1.14581,0.4025,10.84,43.476398,2.43,2.82,1.955,16.08,0.865,1.0434,9.22985,1.36,3.04,3.82,21.35,6.22,7.44,0.59,3.65
31/03/2014,2.22842,1.17457,0.41,10.93,46.442902,2.48,2.96,2.03,16.549999,0.88,1.05334,9.42395,1.355,3.07,3.87,21.700001,6.2,7.57,0.59,3.65
7/04/2014,2.20887,1.1554,0.42,11.13,45.168701,2.48,2.92,2.01,16.530001,0.88,1.05334,9.33661,1.36,3.04,3.9,21.9,6.21,7.6,0.595,3.63
14/04/2014,2.28706,1.18416,0.415,10.99,46.909698,2.41,3.18,2.05,16.9,0.875,1.07818,9.36572,1.365,3.08,3.95,22.07,6.34,7.63,0.6,3.71
21/04/2014,2.23819,1.1506,0.4125,10.51,47.6684,2.48,3.24,2.1,16.799999,0.885,1.10303,9.33661,1.395,3.15,3.97,22.459999,6.6,7.79,0.59,3.75
28/04/2014,2.28706,1.1554,0.4175,10.6,44.730999,2.5,3.14,2.07,17.17,0.87,1.11296,9.43366,1.42,3.2,3.86,21.5,6.44,7.72,0.585,3.79
5/05/2014,2.30661,1.14581,0.425,10.67,42.338402,2.4,3.07,2.04,17.08,0.85,1.12787,9.46278,1.405,3.19,3.84,22.450001,6.63,7.25,0.61,3.83
12/05/2014,2.33593,1.1506,0.425,10.57,43.388802,2.4,3.12,2.28,16.85,0.825,1.18252,9.35602,1.445,3.21,3.77,22.51,6.7,7.16,0.605,3.85
19/05/2014,2.33593,1.16498,0.445,10.71,44.098801,2.38,3.21,2.38,16.99,0.84,1.15768,9.40454,1.535,3.09,3.8,22.35,6.79,7.21,0.605,3.84
26/05/2014,2.40434,1.17937,0.4525,10.63,42.387001,2.37,3.19,2.33,16.9,0.86,1.17756,9.46278,1.645,3.12,3.87,22.57,6.6,7.29,0.63,3.9
2/06/2014,2.29683,1.18416,0.455,10.75,43.729198,2.4,3.2,2.51,17.08,0.855,1.15271,9.47248,1.625,3.15,3.9,22.74,6.78,7.43,0.64,3.86
9/06/2014,2.23819,1.17457,0.4675,10.78,43.9627,2.45,3.23,2.45,17.129999,0.85,1.15271,9.47248,1.67,3.12,3.9,22.49,6.75,7.61,0.62,3.86
16/06/2014,2.22842,1.17457,0.485,10.68,42.5037,2.33,3.22,2.42,16.91,0.835,1.14774,9.3172,1.75,3.13,3.84,22.4,6.64,7.79,0.62,3.79
23/06/2014,2.26751,1.17457,0.47,10.81,42.601002,2.37,3.21,2.5,16.809999,0.835,1.14774,9.29778,1.745,3.17,3.83,22.59,6.52,7.62,0.62,3.89
30/06/2014,2.26751,1.18416,0.4675,10.77,43.262402,2.39,3.18,2.51,17.08,0.825,1.16265,9.19102,1.765,3.19,3.81,23.379999,6.53,7.78,0.62,3.85
7/07/2014,2.26751,1.20334,0.46,10.84,44.069698,2.42,3.23,2.5,17.17,0.83,1.15768,9.12309,1.735,3.14,3.76,24.030001,6.61,7.88,0.625,3.88
14/07/2014,2.27729,1.20813,0.4675,10.88,45.3438,2.43,3.26,2.56,17.43,0.83,1.15768,9.29778,1.75,3.18,3.77,23.65,6.53,7.94,0.625,3.94
21/07/2014,2.29683,1.22251,0.4725,11.03,45.003399,2.41,3.33,2.62,18.02,0.83,1.15271,9.45307,1.755,3.16,3.84,23.68,6.56,7.95,0.635,3.98
28/07/2014,2.25774,1.18416,0.465,10.84,45.0326,2.41,3.43,2.56,18.309999,0.83,1.15768,9.62777,1.75,3.01,3.79,23.18,6.56,8.06,0.615,4.01
4/08/2014,2.23819,1.1506,0.4575,10.8,43.213699,2.39,3.35,2.6,17.809999,0.82,1.15768,9.80247,1.755,2.97,3.77,22.690001,6.41,8.03,0.64,3.88
11/08/2014,2.28706,1.17937,0.4625,10.94,44.011299,2.35,3.33,2.52,17.700001,0.81,1.17756,9.89952,1.76,3.02,3.76,22.84,6.4,8.05,0.635,3.91
18/08/2014,2.29683,1.17937,0.47,10.96,43.281799,2.35,3.37,2.5,17.93,0.825,1.18252,10.1033,1.73,3.05,3.65,22.870001,6.47,8.08,0.675,3.86
25/08/2014,2.29683,1.18416,0.475,10.9,43.8265,2.35,3.32,2.51,17.92,0.815,1.16762,10,1.725,3.03,3.66,22.93,6.35,8.03,0.71,3.89
1/09/2014,2.30661,1.17937,0.485,10.83,42.853901,2.37,3.36,2.56,18.16,0.815,1.17756,9.76,1.76,3.05,3.68,22.73,6.46,7.88,0.72,3.91
8/09/2014,2.30661,1.18896,0.485,10.7,42.552399,2.35,3.29,2.52,18.52,0.8,1.16265,9.77,1.75,3.01,3.68,23.040001,6.43,7.86,0.74,3.9
15/09/2014,2.18932,1.16498,0.4825,10.55,42.523201,2.33,3.28,2.49,18.129999,0.8,1.1229,9.87,1.745,3.05,3.65,22.57,6.45,7.8,0.725,3.8
22/09/2014,2.22842,1.17457,0.4675,10.55,42.0952,2.33,3.23,2.45,18.52,0.79,1.13284,9.73,1.805,3.04,3.68,22.620001,6.55,7.71,0.73,3.8
29/09/2014,2.20887,1.18416,0.4925,10.4,39.255199,2.32,3.13,2.54,18.450001,0.785,1.15768,9.74,1.86,3.1,3.64,22.440001,6.42,7.59,0.745,3.77
6/10/2014,2.16,1.16498,0.485,10.06,39.488602,2.33,3.07,2.55,18.23,0.785,1.16265,9.74,1.865,3.08,3.61,22.190001,6.35,7.53,0.75,3.74
13/10/2014,2.18932,1.1554,0.48,9.46,39.683102,2.28,2.96,2.43,17.9,0.75,1.18252,9.55,1.825,3.01,3.59,21.85,6.27,7.35,0.745,3.65
20/10/2014,2.23819,1.18896,0.4875,9.67,38.700802,2.34,3.05,2.47,18.280001,0.73,1.2024,9.81,1.945,3.02,3.61,22.040001,6.44,7.51,0.745,3.7
27/10/2014,2.17955,1.18896,0.4825,9.44,38.8078,2.39,3.17,2.64,18.48,0.74,1.16762,9.89,1.97,3.1,3.75,23,6.45,7.73,0.765,3.78
3/11/2014,2.1991,1.19375,0.485,9.41,39.0606,2.35,3.15,2.7,19.34,0.73,1.15768,10.13,1.93,3.03,3.61,23.299999,6.46,7.55,0.755,3.79
10/11/2014,2.23819,1.20813,0.49,9.13,39.3913,2.34,3.25,2.61,19.709999,0.7,1.15768,10.24,1.945,2.97,3.47,23.290001,6.51,7.58,0.76,3.95
17/11/2014,2.20887,1.21293,0.4825,9.17,40.013802,2.37,3.27,2.6,19.879999,0.71,1.17756,10.47,1.925,2.99,3.34,23.700001,6.54,7.7,0.705,3.92
24/11/2014,2.28706,1.22251,0.4775,9,41.424099,2.35,3.32,2.6,19.83,0.7,1.17259,10.48,1.93,2.93,3.37,24,6.73,7.66,0.655,3.9
1/12/2014,2.26751,1.21293,0.475,8.27,41.725601,2.41,3.29,2.59,19.68,0.67,1.17259,10.33,1.91,2.92,3.35,24.309999,6.65,7.79,0.72,3.9
8/12/2014,2.26751,1.21772,0.485,8.1,41.093399,2.41,3.29,2.6,20.1,0.68,1.16762,10.46,1.905,2.85,3.39,24.35,6.74,7.72,0.705,3.99
15/12/2014,2.28706,1.19854,0.4875,8.6,40.500099,2.33,3.17,2.49,19.93,0.665,1.15271,10.26,1.85,2.86,3.3,23.75,6.73,7.56,0.68,3.82
22/12/2014,2.37502,1.20334,0.4875,8.75,41.083698,2.37,3.27,2.61,20.35,0.66,1.16762,10.46,1.895,2.97,3.41,24.48,7,7.72,0.7,3.93
29/12/2014,2.3457,1.21772,0.4875,8.86,40.675201,2.35,3.3,2.62,20.5,0.68,1.16762,10.5,1.925,3.06,3.41,24.51,7.05,7.93,0.7,3.89
5/01/2015,2.37502,1.22731,0.5075,8.37,38.9245,2.35,3.23,2.55,20.129999,0.695,1.17259,10.42,1.945,2.93,3.38,23.379999,6.89,7.94,0.725,3.89
12/01/2015,2.39457,1.22251,0.51,8.03,37.650299,2.38,3.25,2.66,19.809999,0.675,1.2024,10.25,1.965,2.94,3.35,23.040001,6.74,7.87,0.69,3.89
19/01/2015,2.51186,1.2369,0.525,8.1,40.607101,2.4,3.56,2.76,20.16,0.705,1.21234,10.46,2.06,2.98,3.39,23.67,7.27,7.91,0.725,3.99
26/01/2015,2.40434,1.21293,0.575,8.7,41.142101,2.43,3.48,2.87,19.790001,0.71,1.19246,10.4,2.14,2.96,3.36,23.18,7.22,8.13,0.72,4.08
2/02/2015,2.45321,1.21772,0.575,8.93,40.830799,2.4,3.55,2.95,19.379999,0.72,1.20737,10.56,2.01,3.09,3.43,23.530001,7.25,8.22,0.73,4.15
9/02/2015,2.3457,1.21293,0.5875,8.73,41.2393,2.43,3.6,2.93,19.280001,0.705,1.2024,10.39,1.96,3.04,3.46,23.57,7.52,8.24,0.725,4.2
16/02/2015,2.40434,1.21293,0.5875,8.77,41.5797,2.43,3.68,2.87,19.450001,0.695,1.21234,10.51,1.985,3.08,3.45,22.969999,7.72,8.28,0.71,4.28
23/02/2015,2.41412,1.24649,0.59,8.75,41.531101,2.44,3.59,2.94,19.57,0.74,1.22227,10.48,2,3.16,3.51,23.07,7.85,8.12,0.7,4.22
2/03/2015,2.45321,1.22731,0.5875,8.78,41.346298,2.41,3.54,2.97,19.67,0.74,1.22724,10.41,1.96,3.17,3.56,23,7.71,8.52,0.735,4.18
9/03/2015,2.43367,1.21772,0.585,8.7,39.187099,2.33,3.48,2.96,19.559999,0.78,1.22227,10.31,1.97,3.15,3.47,22.51,7.4,8.61,0.725,4.13
16/03/2015,2.54118,1.19854,0.5925,8.85,39.877602,2.33,3.52,2.95,20.059999,0.775,1.22724,10.45,1.935,3.07,3.44,22.9,7.55,8.54,0.76,4.28
23/03/2015,2.50208,1.19854,0.595,8.95,40.072201,2.42,3.6,2.94,20.32,0.765,1.2173,10.65,1.95,3.11,3.52,23.26,7.65,8.46,0.745,4.41
30/03/2015,2.54118,1.20334,0.605,8.95,40.8503,2.4,3.57,2.86,20.469999,0.825,1.22724,10.62,1.955,3.12,3.51,23.08,7.67,8.47,0.785,4.39
6/04/2015,2.59982,1.21772,0.6125,9.21,41.628399,2.44,3.61,2.88,20.5,0.855,1.23221,10.64,1.935,3.15,3.51,23.16,7.77,8.5,0.76,4.41
13/04/2015,2.5705,1.22251,0.6025,9.25,41.317101,2.44,3.68,3,21.190001,0.845,1.23718,10.89,1.94,3.12,3.81,24.110001,7.98,8.52,0.79,4.46
20/04/2015,2.60959,1.22251,0.5925,9,41.9007,2.4,3.72,3.06,21.08,0.855,1.2173,10.79,1.925,3.11,3.77,24.700001,7.87,8.4,0.76,4.37
27/04/2015,2.41412,1.22251,0.58,8.72,39.303799,2.45,3.69,3.07,21.09,0.855,1.22227,10.68,1.91,3.19,3.62,24.49,7.98,8.45,0.715,4.43
4/05/2015,2.40434,1.20813,0.6675,8.78,40.101299,2.37,3.58,3,21.049999,0.825,1.19246,10.45,1.895,3.2,3.65,24.16,7.61,7.81,0.735,4.32
11/05/2015,2.44344,1.21293,0.67,8.82,39.955399,2.35,3.5,3.07,20.99,0.81,1.19246,10.46,1.88,3.3,3.59,24.18,7.51,8,0.76,4.36
18/05/2015,2.47276,1.2369,0.6875,8.86,39.420502,2.35,3.65,2.99,20.83,0.83,1.19743,10.37,1.865,3.39,3.6,24.07,7.51,8.02,0.75,4.28
25/05/2015,2.3457,1.2321,0.6975,8.75,38.292301,2.35,3.49,3.06,20.299999,0.805,1.15768,10.2,1.885,3.39,3.4,23.139999,7.35,7.81,0.75,4.13
1/06/2015,2.41412,1.20813,0.725,8.55,36.308102,2.32,3.41,3.06,20.209999,0.8,1.13284,10.02,1.9,3.42,3.33,22.790001,7.15,7.74,0.745,4.14
8/06/2015,2.39457,1.20813,0.785,8.54,35.705101,2.28,3.39,3.2,20.98,0.8,1.11793,10.17,1.875,3.4,3.32,23.25,7.1,7.76,0.775,4.21
15/06/2015,2.39457,1.22251,0.8025,8.42,34.635201,2.31,3.36,3.17,20.68,0.82,1.108,10.07,1.91,3.5,3.28,22.9,7.04,7.91,0.77,4.23
22/06/2015,2.39457,1.2321,0.845,8.32,34.040001,2.35,3.5,3.21,20.52,0.79,1.1229,10.22,1.915,3.56,3.35,23.110001,6.96,7.85,0.77,4.13
29/06/2015,2.36525,1.25128,0.8475,8.23,31.68,2.38,3.52,3.14,20.91,0.8,1.13781,10.23,1.905,3.64,3.29,23.4,6.95,7.88,0.765,4.25
6/07/2015,2.37502,1.25128,0.84,8.15,31.77,2.32,3.36,3.03,20.639999,0.755,1.11296,10.11,1.915,3.59,3.31,22.76,6.63,7.8,0.745,4.29
13/07/2015,2.37502,1.25607,0.84,8.18,31.73,2.35,3.44,3.06,21.379999,0.75,1.14278,10.33,1.92,3.68,3.4,23.290001,6.96,7.85,0.76,4.32
20/07/2015,2.42389,1.26566,0.8325,8.12,30.33,2.42,3.41,3.07,21.4,0.75,1.1229,10.44,1.92,3.85,3.36,23.41,6.91,8.04,0.75,4.34
27/07/2015,2.36525,1.19854,0.85,7.5,29.549999,2.43,3.22,3.01,20.18,0.745,1.10303,10.29,1.955,3.76,3.28,22.200001,6.7,7.85,0.755,4.09
3/08/2015,2.35548,1.2321,0.9,7.52,29.85,2.45,3.22,3.02,20.32,0.745,1.06328,10.2,1.925,3.84,3.26,21.549999,6.65,8.2,0.765,4.06
10/08/2015,2.23819,1.2369,0.89,7.35,29.4,2.41,3.14,3.11,19.26,0.72,1.05334,9.76,1.91,3.8,3.27,20.58,6.61,8.17,0.765,4.06
17/08/2015,2.18932,1.16498,0.86,6.8,28.93,2.29,3,2.88,18.290001,0.575,1.00365,9.1,1.855,3.64,2.92,19.110001,6.3,7.95,0.755,3.94
24/08/2015,2.16,1.17937,0.8475,7.04,28.940001,2.3,2.85,2.81,18.01,0.6,1.00862,9.1,1.805,3.55,3.05,19.75,6.24,8.08,0.72,3.8
31/08/2015,2.12091,1.16019,0.8325,6.75,29.49,2.24,2.75,2.8,17.5,0.625,1.00862,8.86,1.74,3.71,2.92,19.15,6.08,8.25,0.69,3.69
7/09/2015,2.16,1.1506,0.81,6.86,29.139999,2.25,2.8,2.86,17.74,0.59,1.00365,9.01,1.73,3.75,2.99,19.5,6.11,8.43,0.675,3.75
14/09/2015,2.17955,1.18896,0.7975,7.15,29.290001,2.3,2.78,2.87,17.33,0.62,0.98875,9,1.785,3.8,2.97,19.360001,6.02,8.45,0.665,3.8
21/09/2015,2.24796,1.18896,0.8025,6.82,27.959999,2.28,2.79,2.81,16.77,0.62,0.99372,8.91,1.725,3.93,2.88,18.809999,6.03,8.19,0.705,3.64
28/09/2015,2.27729,1.13143,0.825,6.7,26.93,2.28,2.81,2.94,16.129999,0.625,0.97384,8.77,1.695,3.96,2.98,18.280001,5.89,8.2,0.69,3.56
5/10/2015,2.32615,1.17937,0.8625,7.44,31.49,2.28,3.15,3.02,17.690001,0.675,1.00862,9.39,1.78,3.8,3.16,19.889999,6.55,8.14,0.695,3.85
12/10/2015,2.39457,1.16498,0.945,7.35,31.99,2.3,3.1,2.99,17.879999,0.71,1.02353,9.42,1.87,3.69,3.19,20.059999,6.81,8.29,0.68,3.94
19/10/2015,2.44344,1.16019,0.96,7.25,32.400002,2.3,3.14,3.09,18,0.71,1.00862,9.47,1.9,3.83,3.3,20.4,6.84,8.39,0.68,4.02
26/10/2015,2.33593,1.16019,0.995,7.08,32.619999,2.31,3.1,3.04,17.27,0.72,1.01359,9.03,1.895,3.79,3.31,20.33,6.56,8.27,0.675,3.98
2/11/2015,2.24796,1.16019,1.07,7.12,33.560001,2.31,3.23,3.09,17.4,0.715,1.00862,9.07,1.895,3.98,3.22,20.459999,6.58,8.27,0.68,3.92
9/11/2015,2.16,1.1506,1.205,6.81,32.369999,2.29,3.06,2.98,17.139999,0.715,0.98378,8.92,1.85,3.9,2.98,20.15,6.22,8.59,0.68,3.86
16/11/2015,2.23819,1.1506,1.235,6.71,32.740002,2.26,3.13,3.07,16.9,0.7,0.99869,8.93,1.8,3.93,2.95,20.02,6.1,8.62,0.67,3.89
23/11/2015,2.30661,1.13622,1.15,6.61,32.139999,2.26,3.04,2.93,16.6,0.69,1.00365,8.68,1.77,3.99,2.89,19.23,6.06,8.49,0.685,3.8
30/11/2015,2.29683,1.13622,1.12,6.49,35.200001,2.26,3.23,3.07,16.58,0.665,1.00862,8.74,1.79,3.83,2.94,19.5,6.14,8.4,0.68,3.82
7/12/2015,2.20887,1.11225,1.045,6.36,33.799999,2.27,3.14,2.97,16.41,0.66,0.98378,8.62,1.715,3.78,2.89,19.16,6.05,8.3,0.67,3.84
14/12/2015,2.25774,1.11225,1.145,6.51,34.880001,2.27,3.25,2.98,16.33,0.655,0.99372,8.68,1.665,3.92,2.93,19.1,6.08,8.18,0.685,3.76
21/12/2015,2.22842,1.12184,1.155,6.53,34.48,2.26,3.33,3,16.639999,0.68,0.98875,8.85,1.61,3.89,3.03,19.4,6.2,8.24,0.68,3.66
28/12/2015,2.23061,1.13622,1.2,6.51,34.849998,2.33,3.35,3.05,16.690001,0.71,0.98378,8.8,1.64,3.84,3.01,19.610001,6.24,8.2,0.69,3.67
4/01/2016,2.20126,1.09787,1.2,5.8,33.240002,2.21,3.16,2.97,15.72,0.665,0.97881,8.4,1.525,3.8,2.9,18.41,5.92,8.06,0.685,3.55
11/01/2016,2.09364,1.07869,1.175,4.84,33.349998,2.18,3.07,2.88,14.64,0.635,0.96887,7.95,1.565,3.88,2.88,17.6,5.63,8.04,0.685,3.56
18/01/2016,2.12299,1.05472,1.155,5.02,34.439999,2.12,2.99,2.88,13.87,0.595,0.91422,7.72,1.48,3.92,2.93,17.620001,5.52,7.88,0.67,3.46
25/01/2016,2.26974,1.10266,1.06,5.02,37.290001,2.26,3.07,2.83,14.06,0.65,0.93409,7.92,1.335,3.89,2.87,18.09,5.6,7.8,0.68,3.51
1/02/2016,2.33823,1.08828,0.985,4.91,37.669998,2.16,2.99,2.86,13.6,0.65,0.949,7.69,1.38,3.97,2.76,17.870001,5.69,8.04,0.675,3.7
8/02/2016,2.29909,1.03554,0.91,4.84,37.75,2.23,2.82,2.79,13.02,0.61,0.91919,7.46,1.33,3.84,2.69,17.559999,5.39,7.86,0.675,3.58
15/02/2016,2.32844,1.04992,0.935,5.34,39.34,2.25,2.87,2.95,13.68,0.61,0.95894,7.98,1.445,3.85,2.8,17.24,5.79,7.82,0.68,3.73
22/02/2016,2.34801,1.05951,0.99,5.16,37.700001,2.4,2.94,2.98,13.59,0.68,0.96887,8.02,1.445,3.9,2.85,17.049999,5.69,8.22,0.69,3.7
29/02/2016,2.38714,1.08828,1,6.1,39.549999,2.4,3.17,3.01,15.36,0.71,0.97384,8.79,1.595,3.91,3.1,18.5,5.93,8.21,0.77,3.81
7/03/2016,2.35779,1.08348,0.97,6.06,39.650002,2.35,3.12,2.95,15.24,0.755,0.97881,8.8,1.6,3.9,3.11,18.65,5.88,8.18,0.74,3.78
14/03/2016,2.42628,1.02116,0.995,6.12,40.400002,2.34,3.17,2.97,16.02,0.805,0.99869,9.27,1.645,3.91,3.23,19.290001,6.01,8.22,0.73,3.89
21/03/2016,2.35779,1.01637,0.965,5.87,40,2.35,3.09,2.96,15.34,0.795,0.99869,8.91,1.65,3.9,3.19,18.65,5.9,8.33,0.74,3.82
28/03/2016,2.32844,1.03075,0.95,5.78,39.939999,2.39,3.02,2.9,15.21,0.79,0.99372,8.82,1.61,4.01,3.24,18.76,5.81,8.42,0.715,3.75
4/04/2016,2.32844,1.04034,0.995,5.77,39.779999,2.43,2.98,2.87,15,0.84,1.00365,8.78,1.585,4.01,3.23,18.530001,5.86,8.35,0.72,3.71
11/04/2016,2.46541,1.07869,1.01,6.12,42.799999,2.46,3.13,2.9,15.75,0.82,1.00365,9.29,1.65,4.06,3.35,19.629999,6.06,8.32,0.715,3.84
18/04/2016,2.44584,1.07869,1.01,5.7,43.900002,2.41,3.2,2.9,15.81,0.915,1.08315,9.39,1.685,4.08,3.4,19.65,6.22,8.34,0.72,3.97
25/04/2016,2.40671,1.08828,0.975,5.4,38.619999,2.45,3.11,2.89,15.28,0.87,1.07322,8.77,1.57,4.1,3.22,18.6,6.14,8.37,0.745,3.86
2/05/2016,2.35779,1.05951,0.94,5.2,35.060001,2.43,2.98,2.77,14.87,0.86,0.98875,8.33,1.6,4.2,3.14,17.790001,5.73,8.15,0.74,3.76
9/05/2016,2.28931,1.0691,0.905,5.12,32.049999,2.45,3.01,2.8,14.93,0.91,0.96887,8.34,1.58,4.36,3.08,17.77,5.7,8.15,0.75,3.88
16/05/2016,2.25996,1.07869,0.9,5.36,32.310001,2.45,2.99,2.75,15.13,0.98,0.97881,8.45,1.58,4.45,3.16,17.940001,5.72,8.26,0.875,3.84
23/05/2016,2.26974,1.08348,0.93,5.43,33.650002,2.42,2.98,2.77,15.54,1.035,0.97384,8.56,1.595,4.18,3.21,18.209999,5.68,8.44,0.895,3.93
30/05/2016,2.25996,1.09307,0.9,5.38,33.299999,2.42,3.02,2.74,15.5,1.065,0.98378,8.67,1.59,4.1,3.18,18.299999,5.63,8.39,0.925,3.9
6/06/2016,2.26974,1.08828,0.92,5.59,33.279999,2.42,3.03,2.72,15.89,1.185,0.98378,8.67,1.59,4.05,3.13,18.610001,5.56,8.41,0.915,3.9
13/06/2016,2.30888,1.05951,0.89,5.36,32.299999,2.4,2.99,2.69,15.6,1.18,0.98378,8.36,1.56,4.17,3.15,17.92,5.43,8.68,0.92,3.79
20/06/2016,2.25018,1.04992,0.895,5.3,32.900002,2.39,2.89,2.67,15.51,1.205,0.96391,8.38,1.455,4.08,3.04,17.85,5.31,8.63,0.895,3.82
27/06/2016,2.40671,1.05951,0.9,5.51,35.900002,2.46,3.08,2.75,15.7,1.215,0.99372,8.75,1.495,4.22,3.12,18.52,5.52,8.27,0.91,4.14
4/07/2016,2.39693,1.0739,0.895,5.48,35.599998,2.63,2.99,2.78,15.7,1.35,1.01359,8.74,1.555,4.31,3.18,18.15,5.57,8.58,0.96,4.14
11/07/2016,2.38714,1.08828,0.9,5.62,35.880001,2.57,3.09,3.01,16.120001,1.48,1.0434,8.93,1.515,4.4,3.37,18.74,5.68,8.93,0.95,4.28
18/07/2016,2.47519,1.11225,0.905,5.5,37.080002,2.51,3.13,2.84,16.290001,1.475,1.03844,8.98,1.49,4.28,3.38,19.049999,5.73,8.94,1.015,4.3
25/07/2016,2.39693,1.08348,0.895,5.25,39.23,2.55,3.17,2.82,15.41,1.46,1.04837,8.6,1.435,4.37,3.29,18.200001,5.77,8.9,1.035,4.18
1/08/2016,2.41649,1.07869,0.89,5.2,41.700001,2.5,3.22,2.79,14.83,1.565,1.0434,8.31,1.43,4.61,3.34,17.93,5.83,8.9,1.02,4.07
8/08/2016,2.37736,1.09307,0.875,5.26,43.32,2.46,3.21,2.86,15.04,1.52,1.06328,8.43,1.43,4.82,3.41,17.92,5.75,9.32,1.025,4.25
15/08/2016,2.37736,1.11225,0.875,5.3,43.889999,2.43,3.09,2.82,14.89,1.48,1.07322,8.45,1.395,4.8,3.28,17.559999,5.65,9.26,1.025,4.19
22/08/2016,2.40671,1.09787,0.885,5.37,43.009998,2.46,3.12,2.84,15.1,1.365,1.05831,8.62,1.365,4.82,3.25,18.049999,5.64,9.39,0.99,4.22
29/08/2016,2.39693,1.09307,0.9,5.19,41.950001,2.47,3.07,2.83,15.03,1.39,1.06328,8.59,1.405,4.77,3.26,18,5.53,9.33,0.995,3.87
5/09/2016,2.42628,1.09787,0.905,5.42,42.09,2.54,3.18,2.83,15.44,1.385,1.07322,8.81,1.415,4.77,3.36,18.73,5.69,9.28,0.935,4
12/09/2016,2.33823,1.08828,0.895,5.22,41.400002,2.52,3.12,2.75,15.16,1.37,1.06328,8.66,1.43,4.88,3.3,18.860001,5.51,9,0.93,3.91
19/09/2016,2.41649,1.09787,0.88,5.26,43.220001,2.55,3.16,2.81,15.22,1.325,1.07322,8.55,1.485,5.09,3.3,18.85,5.64,9.2,0.96,3.98
26/09/2016,2.46541,1.09307,0.9,5.39,42.830002,2.6,3.2,2.81,15.39,1.34,1.06328,8.65,1.46,4.98,3.23,18.83,5.61,9.02,0.97,3.97
3/10/2016,2.42628,1.09307,0.905,5.46,43.07,2.52,3.15,2.79,15.42,1.385,1.05831,8.68,1.52,4.99,3.24,18.799999,5.85,9.4,0.995,3.95
10/10/2016,2.36758,1.09307,0.91,5.29,41.169998,2.54,3.1,2.73,15.03,1.355,1.0434,8.41,1.525,4.78,3.18,18.32,5.8,9.36,0.95,3.88
17/10/2016,2.34801,1.09787,0.915,5.31,42.130001,2.54,3.12,2.7,15.03,1.41,1.0434,8.49,1.52,4.8,3.16,18.82,5.7,9.3,0.97,3.88
24/10/2016,2.32844,1.08828,0.92,5.29,42.349998,2.55,3.1,2.6,14.9,1.405,1.0285,8.5,1.59,4.79,3.11,18.629999,5.71,9.46,0.955,3.9
31/10/2016,2.25018,1.08828,0.91,5.25,41.900002,2.5,3.04,2.45,14.93,1.4,1.00862,8.43,1.65,4.75,3.05,18.440001,5.65,9.5,0.95,3.85
7/11/2016,2.20126,1.08828,0.885,5.37,40.25,2.45,3.05,2.46,16.129999,1.39,1.00365,8.58,1.51,4.79,3.06,18.870001,5.66,9.88,0.93,3.77
14/11/2016,2.25996,1.08828,0.91,5.38,39.669998,2.42,3.01,2.42,16.5,1.35,0.99372,8.87,1.45,4.97,3.28,19.559999,5.66,9.88,0.895,3.71
21/11/2016,2.25996,1.07869,0.89,5.4,38.799999,2.41,3.02,2.42,17.049999,1.38,0.99372,8.89,1.48,4.77,3.29,19.879999,5.8,9.61,0.89,3.75
28/11/2016,2.29909,1.07869,0.875,5.93,39.290001,2.42,3.07,2.53,17.889999,1.38,1.00862,9.15,1.465,4.73,3.35,20.559999,5.84,10.02,0.855,3.76
5/12/2016,2.34801,1.11225,0.855,5.93,41.639999,2.44,3.1,2.6,17.83,1.415,1.01359,9.26,1.46,4.73,3.38,20.9,6.22,9.86,0.86,3.79
12/12/2016,2.25996,1.11225,0.855,6,39.869999,2.38,3.02,2.6,18.030001,1.425,0.99372,9.18,1.475,4.97,3.34,20.93,6.27,9.9,0.87,3.73
19/12/2016,2.20126,1.08348,0.85,5.8,39.369999,2.34,2.98,2.54,17.389999,1.37,0.98875,8.93,1.45,4.83,3.21,20.35,5.97,9.69,0.845,3.65
26/12/2016,2.22083,1.08348,0.88,5.79,41.23,2.36,3.02,2.47,17.34,1.4,1.01359,8.92,1.465,4.85,3.23,20.4,5.99,9.88,0.85,3.65
2/01/2017,2.32844,1.11225,0.865,5.99,40.939999,2.41,3.09,2.55,17.67,1.445,1.03347,9.18,1.535,4.86,3.29,20.809999,6.2,9.81,0.85,3.74
9/01/2017,2.35779,1.12184,0.865,6.12,41.919998,2.38,3.17,2.54,18.309999,1.49,1.04837,9.38,1.495,5.06,3.34,21.030001,6.29,9.93,0.865,3.83
16/01/2017,2.35779,1.12184,0.875,6.17,41,2.39,3.19,2.45,18.27,1.515,1.05334,9.3,1.46,5.22,3.29,20.719999,6.31,9.74,0.855,3.81
23/01/2017,2.38714,1.13622,0.875,6.27,41.869999,2.43,3.34,2.46,19.17,1.51,1.04837,9.45,1.475,5.3,3.34,21,6.5,10.26,0.85,3.89
30/01/2017,2.36758,1.09307,0.875,6.25,41.860001,2.42,3.37,2.37,18.66,1.515,1.0434,9.42,1.47,5.26,3.32,20.379999,6.5,10.28,0.86,3.85
6/02/2017,2.41649,1.09787,0.885,6.36,42.52,2.46,3.49,2.51,18.969999,1.485,1.05831,9.75,1.47,4.97,3.41,20.91,6.72,10.3,0.885,3.91
13/02/2017,2.42628,1.11704,0.925,6.64,42.240002,2.41,3.46,2.4,18.6,1.475,1.05334,9.52,1.37,4.92,3.62,21.18,6.53,10.12,0.945,4
20/02/2017,2.41649,1.12184,0.915,6.95,40.619999,2.41,3.63,2.43,18.870001,1.525,1.06328,9.6,1.39,5,3.69,21.700001,6.65,10.32,0.95,3.96
27/02/2017,2.43606,1.12663,0.88,7.17,44.130001,2.44,3.53,2.51,19.01,1.49,1.05831,9.49,1.38,5,3.66,21.540001,6.52,10.98,0.935,3.9
6/03/2017,2.41649,1.085,0.87,6.86,43.880001,2.41,3.7,2.51,18.93,1.48,1.05831,9.56,1.36,4.97,3.66,21.389999,6.92,10.98,0.94,3.94
13/03/2017,2.44584,1.055,0.875,6.87,45.59,2.45,3.72,2.55,19.139999,1.495,1.06328,9.66,1.35,4.88,3.75,21.950001,6.98,11.07,0.925,3.99
20/03/2017,2.46541,1.07,0.87,6.8,44.98,2.48,3.69,2.52,18.790001,1.475,1.07818,9.57,1.32,4.82,3.68,21.780001,6.93,11.29,0.925,3.91
27/03/2017,2.46541,1.085,0.865,6.94,43.860001,2.52,3.63,2.56,19.4,1.525,1.08812,9.72,1.36,4.88,3.73,22.110001,6.97,11.47,0.94,3.92
3/04/2017,2.47519,1.1,0.86,6.88,46.110001,2.57,3.75,2.65,19.01,1.64,1.09806,9.67,1.36,4.92,3.65,21.98,7.02,11.43,0.94,3.88
10/04/2017,2.48498,1.09,0.85,6.91,45.619999,2.58,3.68,2.62,19.09,1.685,1.10303,9.68,1.355,4.87,3.75,21.889999,7.05,11.69,0.935,3.77
17/04/2017,2.51433,1.09,0.845,6.56,46.830002,2.55,3.62,2.69,18.77,1.65,1.11296,9.59,1.365,4.88,3.79,21.77,7.2,11.7,0.94,3.73
24/04/2017,2.50454,1.095,0.885,6.51,47.23,2.56,3.76,2.74,19.35,1.62,1.1229,9.8,1.38,5.09,3.79,21.799999,7.24,12.2,0.925,3.74
1/05/2017,2.50454,1.1,0.965,6.56,46.560001,2.52,3.62,2.73,20.42,1.605,1.10303,10.22,1.4,5.14,3.85,23.35,7.1,12.93,0.91,3.75
8/05/2017,2.53389,1.11,1.035,6.61,46.490002,2.56,3.61,2.69,20.68,1.62,1.108,10.55,1.39,5.27,3.75,23.59,7.07,13,0.885,3.71
15/05/2017,2.49476,1.115,1.035,6.47,45.779999,2.57,3.53,2.42,20.700001,1.7,1.14774,10.41,1.305,5.29,3.65,23.27,6.86,12.79,0.865,3.73
22/05/2017,2.56324,1.125,1.065,6.51,44.360001,2.58,3.52,2.4,20.799999,1.68,1.15271,10.43,1.275,5.06,3.72,23.370001,6.94,12.9,0.86,3.73
29/05/2017,2.63173,1.14,1.08,6.5,44.299999,2.62,3.62,2.43,20.48,1.715,1.18749,10.58,1.24,5.25,3.7,23.35,7.08,12.81,0.885,3.81
5/06/2017,2.64151,1.145,1.075,6.41,43.450001,2.63,3.6,2.41,20.719999,1.655,1.18749,10.68,1.28,5.15,3.77,23.6,7.67,12.5,0.875,3.74
12/06/2017,2.68065,1.15,1.01,6.31,44.040001,2.66,3.57,2.44,20.450001,1.66,1.17259,10.64,1.285,5.09,3.7,22.950001,7.61,12.26,0.905,3.8
19/06/2017,2.61216,1.125,1.025,6.23,44.880001,2.63,3.54,2.37,20.35,1.68,1.18252,10.66,1.31,5.07,3.71,22.92,7.6,12.36,0.88,3.79
26/06/2017,2.55346,1.155,1.005,6.29,44.349998,2.68,3.5,2.3,20.74,1.67,1.18749,10.79,1.33,5.11,3.68,23.120001,7.64,12.05,0.9,3.89
3/07/2017,2.54368,1.17,1.02,6.38,43.860001,2.62,3.49,2.26,20.83,1.67,1.18749,10.69,1.365,5.1,3.64,23.219999,7.51,11.8,0.91,3.86
10/07/2017,2.54368,1.165,1.05,6.38,43.599998,2.66,3.63,2.28,21.1,1.74,1.19246,11.05,1.37,5.02,3.72,23.85,7.72,12.51,0.915,3.91
17/07/2017,2.62194,1.21,1.05,6.58,41.860001,2.66,3.74,2.29,21.48,1.79,1.2024,11.09,1.34,5.08,3.77,23.98,7.92,13.1,0.93,3.91
24/07/2017,2.6513,1.2,1.05,6.47,40.279999,2.74,3.69,2.29,21.68,1.65,1.19246,11.39,1.31,4.83,3.76,24.049999,7.83,13.09,0.95,4
31/07/2017,2.61216,1.185,1.05,6.4,40.080002,2.74,3.86,2.32,21.49,1.65,1.18252,11.21,1.32,4.94,3.81,24.030001,8.06,13.85,0.955,3.83
7/08/2017,2.60238,1.18,1.06,6.39,40.02,2.66,3.7,2.31,20.799999,1.56,1.18252,11.2,1.27,4.77,3.7,24.200001,7.98,15.8,0.93,3.76
14/08/2017,2.58281,1.185,1.1,6.33,39.59,2.7,3.75,2.21,20.5,1.485,1.20737,11,1.245,4.82,3.56,23.5,8.19,15.69,0.925,3.75
21/08/2017,2.55346,1.19,1.075,6.34,40.23,2.69,3.71,2.28,20.43,1.595,1.18252,10.98,1.245,4.81,3.55,23.59,8.03,15.06,0.935,3.75
28/08/2017,2.60238,1.175,1.1,6.31,39.93,2.69,3.78,2.29,20.620001,1.595,1.22227,11.17,1.26,4.83,3.65,24.030001,8.18,15.8,0.93,3.7
4/09/2017,2.66108,1.18,1.08,6.27,39.299999,2.65,3.7,2.2,20.469999,1.57,1.21234,10.88,1.26,4.77,3.59,23.5,8.08,15.32,0.91,3.68
11/09/2017,2.64151,1.19,1.05,6.24,39.639999,2.72,3.64,2.12,20.059999,1.63,1.20737,10.95,1.255,4.74,3.53,23.049999,7.98,17.049999,0.92,3.67
18/09/2017,2.61216,1.175,1.045,6.4,39.25,2.65,3.61,1.975,20.610001,1.62,1.2,11.15,1.245,4.65,3.51,23.469999,8.07,17.299999,0.895,3.68
25/09/2017,2.60238,1.175,1.045,6.49,39.34,2.7,3.58,2.08,20.82,1.6,1.24,11.16,1.25,4.61,3.44,23.5,8.12,17.639999,0.9,3.68
2/10/2017,2.63173,1.2,1.04,6.68,40.82,2.68,3.69,2,21.5,1.67,1.26,11.37,1.245,4.67,3.39,24.360001,8.55,18.450001,0.915,3.68
9/10/2017,2.66108,1.21,1.06,7.07,40.91,2.74,3.74,2.05,21.42,1.675,1.23,11.48,1.285,4.63,3.37,24.290001,8.89,18.389999,0.94,3.7
16/10/2017,2.66108,1.215,1.065,7.3,40.150002,2.79,3.71,2.02,21.84,1.685,1.24,11.49,1.295,4.69,3.38,24.290001,8.84,18.209999,0.96,3.76
23/10/2017,2.67086,1.2,1.055,7.46,39.75,2.83,3.72,2.02,22.68,1.74,1.28,11.8,1.29,4.66,3.51,25,8.95,18.530001,0.98,3.79
30/10/2017,2.62194,1.195,1.05,7.6,39.09,2.9,3.69,2.04,22.969999,1.67,1.285,11.81,1.28,4.77,3.47,24.77,8.95,19.299999,0.96,3.77
6/11/2017,2.58281,1.205,1.07,7.53,39.209999,2.89,3.58,2,24.01,1.6,1.295,11.75,1.285,5.01,3.37,25.24,8.75,21.950001,0.955,3.78
13/11/2017,2.59259,1.19,1.06,7.38,39.25,2.83,3.53,2.03,24.129999,1.56,1.28,11.65,1.29,5.11,3.3,25.059999,8.63,20.950001,0.94,3.68
20/11/2017,2.59259,1.19,1.07,7.75,39.529999,2.84,3.57,2.04,25,1.54,1.27,12.05,1.3,5.15,3.26,26,8.92,21.07,0.97,3.69
27/11/2017,2.60238,1.19,1.01,7.76,40.700001,2.91,3.57,2.04,24.58,1.61,1.26,12.42,1.28,5.24,3.25,26.530001,8.88,20.52,0.96,3.74
4/12/2017,2.61216,1.19,1.04,7.65,40.810001,2.87,3.46,1.91,24.84,1.6,1.27,12.39,1.27,5.26,3.21,25.879999,8.65,20.26,0.95,3.78
11/12/2017,2.62194,1.21,1.03,7.53,40.939999,2.92,3.5,1.91,24.58,1.61,1.32,12.3,1.26,5.25,3.19,26.049999,8.54,20.219999,0.97,3.75
18/12/2017,2.62194,1.22,1.08,7.47,40.43,2.9,3.51,1.93,24.719999,1.63,1.31,12.29,1.23,5.22,3.21,25.73,8.63,20.1,0.91,3.59
25/12/2017,2.66108,1.22,1.08,7.35,40.669998,2.99,3.53,1.98,24.85,1.62,1.32,12.39,1.24,5.2,3.26,26.450001,8.87,20.469999,0.92,3.57
1/01/2018,2.73935,1.25,1.07,7.77,40.98,2.98,3.65,2.04,26.32,1.66,1.35,12.95,1.25,5.45,3.34,26.91,9.25,21.700001,0.91,3.6
8/01/2018,2.72956,1.24,1.08,7.99,40.27,2.99,3.78,2.03,26.34,1.66,1.34,12.99,1.24,5.64,3.32,27.870001,9.28,22.65,0.935,3.6
15/01/2018,2.71,1.26,1.08,8.25,40,3,3.82,2.07,26.33,1.65,1.37,13.2,1.27,5.85,3.32,28.030001,9.19,24.299999,0.92,3.6
22/01/2018,2.77848,1.26,1.15,8.63,40.619999,2.97,3.84,2.07,26.58,1.66,1.35,13.04,1.3,5.65,3.41,27.879999,9.23,23.389999,0.93,3.6
29/01/2018,2.6513,1.21,1.12,8.71,40,2.87,3.72,2.14,26.68,1.63,1.31,12.81,1.38,5.48,3.35,27.52,9.04,23.57,0.92,3.49
5/02/2018,2.51433,1.16,1.06,7.9,37.150002,2.74,3.47,2,26.709999,1.51,1.22,12.19,1.43,5.2,3.24,26.24,8.34,21.74,0.89,3.38
12/02/2018,2.51433,1.15,1.06,7.94,37.900002,2.83,3.57,2.05,28.280001,1.52,1.26,12.78,1.43,5.2,3.33,27.040001,8.34,22.91,0.85,3.33
19/02/2018,2.53389,1.17,1.04,7.96,37.830002,2.78,3.59,2,29.59,1.61,1.18,13.37,1.41,5.2,3.39,28.07,8.38,26.66,0.81,3.38
26/02/2018,2.55346,1.17,1.03,7.87,36.610001,2.81,3.59,2,28.41,1.51,1.22,13.06,1.37,5,3.36,27.75,8.48,26.84,0.825,3.35
5/03/2018,2.56324,1.16,1.03,7.73,35.959999,2.86,3.6,2.02,28.129999,1.5,1.21,13.25,1.37,5.12,3.38,28.040001,8.75,27.290001,0.815,3.36
12/03/2018,2.60238,1.17,1.04,7.72,34.939999,2.84,3.66,2.02,28.25,1.56,1.2,13.3,1.37,5.24,3.53,28.15,8.78,28.82,0.815,3.49
19/03/2018,2.55346,1.14,1.02,7.72,33.98,2.8,3.58,1.99,27.4,1.56,1.2,12.87,1.33,5.11,3.49,27.4,8.48,27.629999,0.805,3.39
26/03/2018,2.57303,1.13,1.03,7.77,34.5,2.8,3.57,2.05,27.5,1.57,1.23,12.82,1.37,5.13,3.59,27.5,8.55,28.110001,0.78,3.37
2/04/2018,2.63173,1.13,1.02,7.7,34.52,2.8,3.61,2.08,27.66,1.58,1.23,12.76,1.33,5.17,3.59,27.370001,8.62,27.67,0.8,3.42
9/04/2018,2.63173,1.13,1.06,7.84,35.189999,2.77,3.68,2.19,28.42,1.62,1.27,13.08,1.31,5.2,3.67,28.24,8.79,29.51,0.8,3.37
16/04/2018,2.6513,1.13,1.08,8.21,35.240002,2.78,3.73,2.19,29.59,1.63,1.26,13.73,1.31,5.39,3.65,29.690001,8.82,25.290001,0.8,3.41
23/04/2018,2.59259,1.14,1.06,8.23,34.509998,2.79,3.75,2.25,30,1.6,1.27,13.65,1.33,5.47,3.47,29.440001,8.75,21.4,0.86,3.49
30/04/2018,2.61216,1.13,1.03,8.1,34.200001,2.78,3.75,2.2,28.799999,1.57,1.25,13.65,1.32,5.46,3.49,29.07,8.6,19.6,0.83,3.5
7/05/2018,2.61216,1.12,1,8.26,33.84,2.75,3.67,2.33,29.469999,1.63,1.24,13.14,1.36,5.57,3.39,29.66,8.72,21.52,0.81,3.55
14/05/2018,2.59259,1.13,0.995,8.19,32.959999,2.72,3.55,2.39,29,1.63,1.22,13.01,1.38,5.44,3.5,29.57,8.37,21.200001,0.79,3.41
21/05/2018,2.59259,1.13,1,8.15,34.509998,2.69,3.55,2.41,28.940001,1.61,1.25,12.97,1.32,5.34,3.47,29.33,8.39,20.58,0.77,3.33
28/05/2018,2.60238,1.11,0.985,7.65,34.43,2.7,3.51,2.5,28.299999,1.62,1.24,12.53,1.32,5.25,3.45,28.1,8.1,21.139999,0.765,3.25
4/06/2018,2.59259,1.1,0.98,7.58,34.52,2.7,3.5,2.4,28.5,1.61,1.24,12.58,1.36,5.13,3.49,28.02,8.13,21.129999,0.77,3.23
11/06/2018,2.56324,1.09,1.01,7.24,33.150002,2.63,3.39,2.32,27.610001,1.59,1.23,12.13,1.33,5.02,3.45,26.950001,7.67,20.110001,0.815,3.19
18/06/2018,2.54368,1.07,1.01,7.05,32.549999,2.6,3.22,2.23,26.889999,1.54,1.23,11.75,1.28,4.95,3.35,26.309999,7.56,18.059999,0.765,3.12
25/06/2018,2.58281,1.07,1,7.15,31.82,2.72,3.16,2.35,26.610001,1.48,1.23,11.64,1.26,5,3.29,26.76,7.62,17.84,0.72,3.08
2/07/2018,2.61216,1.08,1.02,6.58,32,2.73,2.99,2.29,25.35,1.43,1.25,11.24,1.27,5.03,3.24,26.26,6.7,16.5,0.7,3.23
9/07/2018,2.6513,1.12,1.05,6.67,32.200001,2.74,3.06,2.35,26.25,1.45,1.27,11.3,1.34,5.11,3.39,26.549999,6.79,16.41,0.72,3.24
16/07/2018,2.67086,1.13,1.06,7.09,33.299999,2.77,3.19,2.34,26.26,1.48,1.28,11.31,1.33,5.17,3.39,26.43,7.08,16.299999,0.76,3.31
23/07/2018,2.67086,1.12,1.09,6.91,33.119999,2.77,3.26,2.37,27.059999,1.49,1.27,11.66,1.35,5.29,3.4,27.32,7.27,16.84,0.74,3.18
30/07/2018,2.68065,1.07,1.08,6.73,34.509998,2.75,3.12,2.27,26.129999,1.54,1.26,11.35,1.25,5.15,3.35,26.59,7,16.85,0.78,3.18
6/08/2018,2.67086,1.08,1.12,6.72,34.02,2.71,3.31,2.38,25.59,1.57,1.24,11.8,1.16,5.22,3.39,28,7.03,17.940001,0.72,3.14
13/08/2018,2.66108,1.08,1.11,6.64,33.549999,2.72,3.29,2.29,25.09,1.56,1.26,11.22,1.14,5.05,3.26,26.809999,6.89,17.870001,0.645,3.11
20/08/2018,2.6513,1.08,1.13,6.65,33.299999,2.69,3.36,2.31,25.139999,1.56,1.26,11.16,1.13,5.03,3.32,26.860001,6.83,18.4,0.64,3.2
27/08/2018,2.68065,1.09,1.15,6.53,32.439999,2.68,3.43,2.29,24.950001,1.56,1.28,11.3,1.15,5.07,3.34,27.059999,6.91,18.110001,0.62,3.23
3/09/2018,2.57303,1.08,1.14,6.36,31.139999,2.73,3.27,2.26,24.32,1.54,1.26,11.06,1.07,5.01,3.32,26.15,6.73,16.65,0.64,3.13
10/09/2018,2.52411,1.07,1.14,6.55,31.299999,2.74,3.31,2.32,24.85,1.55,1.25,11.17,1.1,5.01,3.53,26.32,6.89,16.540001,0.635,3.15
17/09/2018,2.50454,1.09,1.17,7.03,31.309999,2.68,3.35,2.36,26.030001,1.57,1.25,11.29,1.1,5.06,3.51,26.5,6.92,17.450001,0.68,3.16
24/09/2018,2.58281,1.1,1.18,6.96,31.99,2.7,3.37,2.43,26.09,1.53,1.23,11.44,1.13,5.22,3.56,27.08,6.89,17.629999,0.68,3.24
1/10/2018,2.49476,1.08,1.22,7.1,30.66,2.68,3.26,2.36,25.77,1.52,1.22,11.19,1.11,4.97,3.53,26.700001,6.61,18,0.695,3.21
8/10/2018,2.43606,1.06,1.2,6.8,28.709999,2.59,3.11,2.19,24.42,1.46,1.21,10.75,1.07,4.83,3.43,25.309999,6.27,16.389999,0.645,3.18
15/10/2018,2.50454,1.07,1.22,6.64,29.5,2.59,3.11,2.21,24.26,1.44,1.22,10.71,1.06,4.85,3.42,25.33,6.18,16.27,0.65,3.17
22/10/2018,2.51433,1.05,1.2,6.1,28.77,2.63,3.07,2.28,23.1,1.39,1.22,10.4,1,4.88,3.41,24.07,6.09,15.49,0.625,3.13
29/10/2018,2.48498,1.06,1.18,6.33,32.360001,2.64,3.21,2.32,24.66,1.34,1.21,11.47,1.03,5.01,3.52,25.219999,6.32,16.26,0.655,3.18
5/11/2018,2.49476,1.07,1.1,6.2,34.299999,2.61,3.13,2.18,23.74,1.27,1.22,11.46,0.995,4.88,3.47,24.66,6.28,14.7,0.66,3.1
12/11/2018,2.51433,1.07,1.11,6.26,35.459999,2.59,3.13,2.16,23.32,1.23,1.2,11.16,0.965,4.89,3.55,24.4,6.14,14.9,0.655,3.08
19/11/2018,2.50454,1.08,1.13,6.16,34.779999,2.59,3.1,2.11,23.08,1.18,1.21,10.89,0.965,4.69,3.49,24.030001,6.1,14.72,0.655,3.12
26/11/2018,2.51433,1.07,1.23,6.06,35.200001,2.72,3.12,2.1,24.379999,1.24,1.27,11.26,0.99,4.79,3.55,25.15,6.11,14.91,0.63,3.08
3/12/2018,2.51433,1.1,1.2,6.17,35.32,2.75,3.22,2.11,24.16,1.17,1.27,11.23,0.965,4.65,3.47,24.85,6.25,14.9,0.59,3.08
10/12/2018,2.54368,1.1,1.17,6.06,35.419998,2.72,3.12,2.12,23.690001,1.18,1.29,11.12,0.91,4.59,3.46,24.280001,6.06,14.48,0.59,3.04
17/12/2018,2.53389,1.07,1.1,5.85,35.130001,2.61,3.1,2.17,23.450001,1.09,1.3,11.07,0.915,4.69,3.52,24.35,6.06,13.98,0.59,2.94
24/12/2018,2.49476,1.07,1.14,5.9,35.189999,2.66,3.07,2.15,23.530001,1.04,1.26,11.15,0.905,4.64,3.5,24.4,6.13,13.96,0.585,2.94
31/12/2018,2.57303,1.09,1.18,5.94,35.880001,2.63,3.06,2.15,23.290001,1.06,1.3,11.17,0.925,4.66,3.47,24.379999,6.08,13.71,0.61,2.9
7/01/2019,2.62194,1.13,1.1,6.25,36.810001,2.68,3.27,2.16,24.780001,1.15,1.33,11.65,0.945,4.91,3.57,26.09,6.63,15.04,0.68,3.05
14/01/2019,2.6513,1.15,1.1,6.29,37.060001,2.71,3.3,2.14,25.139999,1.18,1.34,11.75,0.98,4.82,3.69,26.540001,6.69,15.15,0.71,3.07
21/01/2019,2.6513,1.16,1.11,6.2,37.259998,2.74,3.3,2.33,24.219999,1.15,1.39,11.47,0.97,4.85,3.68,25.879999,6.66,15.81,0.74,3.05
28/01/2019,2.67086,1.2,1.14,6.04,37.509998,2.85,3.35,2.39,24.07,1.17,1.37,11.45,0.965,4.82,3.74,25.34,6.64,15.88,0.76,3.02
4/02/2019,2.69043,1.16,1.12,6.04,37.419998,2.84,3.32,2.34,24.299999,1.18,1.39,11.48,0.95,4.86,3.75,25.24,6.58,15.72,0.72,3.06
11/02/2019,2.70021,1.13,1.13,6.08,36.099998,2.8,3.36,2.4,24.790001,1.26,1.39,11.52,0.955,5.06,3.71,25.68,6.6,16.1,0.815,2.99
18/02/2019,2.73935,1.15,1.12,6.34,36.439999,2.84,3.46,2.44,25.01,1.33,1.4,11.39,1.02,5.15,3.73,25.58,6.76,16.120001,0.815,3.07
25/02/2019,2.73935,1.14,1.11,6.13,33.950001,2.84,3.43,2.43,25.08,1.35,1.41,11.1,1,5.1,3.73,25,6.59,18.450001,0.815,2.99
4/03/2019,2.73935,1.15,1.1,6.1,33.200001,2.87,3.43,2.41,25.059999,1.28,1.39,11.05,0.995,5.09,3.69,24.91,6.44,18.4,0.795,2.94
11/03/2019,2.74913,1.16,1.1,6.13,33.400002,2.88,3.44,2.45,25.139999,1.3,1.4,11.13,0.995,5.09,3.78,25.24,6.45,17.790001,0.815,3.03
18/03/2019,2.79805,1.18,1.1,6.22,32.59,2.91,3.47,2.53,25.35,1.29,1.45,11.16,0.985,5.09,3.75,25.200001,6.73,18.01,0.825,2.97
25/03/2019,2.84696,1.18,1.09,6.22,32.490002,2.92,3.65,2.57,25.23,1.34,1.46,11.05,1,5.11,3.74,25.190001,6.95,17.940001,0.845,3.02
1/04/2019,2.80783,1.18,1.09,6.57,34.48,2.92,3.66,2.54,26.98,1.41,1.44,11.71,1.03,5.19,3.82,26.52,7.1,18.85,0.83,3.09
8/04/2019,2.85675,1.2,1.13,6.62,34.389999,2.9,3.65,2.62,26.98,1.38,1.48,11.74,1.06,5.31,3.82,26.68,7.28,18.66,0.81,3.16
15/04/2019,2.87631,1.2,1.11,6.74,36.200001,2.9,3.64,2.61,27.4,1.44,1.44,11.77,1.05,5.24,3.87,26.799999,7.67,19.24,0.825,3.15
22/04/2019,2.91545,1.19,1.09,6.95,36.330002,2.9,3.58,2.67,27.41,1.39,1.48,11.81,1.03,5.25,3.95,27.280001,7.68,17.52,0.82,3.13
29/04/2019,2.96436,1.21,1.02,6.75,34.720001,2.88,3.61,2.72,27.73,1.3,1.5,11.96,1.04,5.32,3.98,27.77,7.53,17.280001,0.83,3.17
6/05/2019,2.87631,1.2,0.99,6.53,34.810001,2.87,3.4,2.57,26.549999,1.27,1.48,11.39,0.97,5.27,4.02,25.610001,7.26,16.030001,0.825,3.17
13/05/2019,2.86653,1.19,0.965,6.34,33.18,2.87,3.33,2.48,25.889999,1.26,1.46,11.15,0.955,5.08,3.9,24.98,7.05,15.6,0.78,3.14
20/05/2019,2.8861,1.19,0.93,6.12,33.669998,2.91,3.28,2.48,25.200001,1.23,1.48,11.01,0.94,5.07,3.9,24.639999,6.93,15.09,0.795,3.15
27/05/2019,2.85675,1.24,0.91,6.03,33.77,2.99,3.22,2.46,24.290001,1.25,1.46,10.57,0.925,5.07,3.91,23.5,6.76,15.11,0.81,3.2
3/06/2019,2.85675,1.27,0.915,6.05,34.98,3.11,3.27,2.5,24.389999,1.3,1.52,10.64,0.945,4.98,4.08,24.23,6.94,15.39,0.825,3.28
10/06/2019,2.91545,1.3,0.93,6.3,36.5,3.05,3.43,2.58,24.809999,1.3,1.58,10.78,0.945,5.14,4.11,24.99,7.26,16.629999,0.835,3.33
17/06/2019,2.97415,1.3,0.935,6.64,36.099998,3.06,3.52,2.69,25.92,1.37,1.57,11.35,0.96,5.27,4.16,26.32,7.43,17.209999,0.815,3.44
24/06/2019,3.05241,1.3,0.98,6.66,36.23,3.03,3.53,2.66,25.959999,1.32,1.59,11.4,0.95,5.22,4.14,26.129999,7.55,16.290001,0.83,3.5
1/07/2019,3.11111,1.31,0.945,6.66,36.299999,3.05,3.72,2.77,25.629999,1.31,1.65,11.39,0.985,5.39,4.23,26.26,7.73,16.110001,0.865,3.56
8/07/2019,3.02306,1.29,0.93,6.67,36.990002,3.04,3.69,2.81,25.780001,1.32,1.61,11.51,0.985,5.37,4.29,26.530001,7.61,14.9,0.865,3.54
15/07/2019,2.96436,1.3,0.915,6.57,35.860001,3.07,3.63,2.8,26.620001,1.32,1.61,11.64,1.01,5,4.29,26.940001,7.59,15.54,0.855,3.54
22/07/2019,2.96436,1.3,0.915,6.55,35.549999,3.04,3.64,2.76,26.879999,1.29,1.61,11.76,0.97,4.93,4.29,26.93,7.5,15.81,0.835,3.3
29/07/2019,2.98393,1.33,0.905,6.1,33.5,3.08,3.53,2.7,26.25,1.25,1.55,11.21,0.965,4.81,4.19,26,7.23,15,0.825,3.35
5/08/2019,3.0035,1.24,0.9,5.94,31.309999,2.99,3.45,2.72,24.940001,1.18,1.52,11.09,0.955,4.73,4.22,26.049999,7.2,14.76,0.835,3.26
12/08/2019,2.96436,1.27,0.905,5.89,30.280001,3.01,3.4,2.49,24.700001,1.17,1.56,10.63,0.945,4.73,4.04,25.040001,7.25,15.2,0.885,3.21
19/08/2019,2.99371,1.3,0.925,5.88,30.469999,3.03,3.45,2.49,24.389999,1.17,1.54,10.63,0.94,4.76,3.98,24.65,7.18,14.98,0.935,3.25
26/08/2019,3.01328,1.3,0.965,5.84,30.799999,3.09,3.47,2.45,24.530001,1.15,1.57,10.65,0.92,4.8,3.94,24.959999,7.35,15.18,0.9,3.17
2/09/2019,3.07198,1.31,0.94,5.96,30.59,3.07,3.56,2.52,24.76,1.19,1.56,10.85,0.92,4.88,3.98,25.5,7.48,15.48,0.89,3.2
9/09/2019,3.07198,1.3,0.98,6.22,32.150002,3.06,3.63,2.48,25.559999,1.22,1.59,11.1,0.935,4.87,3.92,26.41,7.56,16.1,0.91,3.21
16/09/2019,3.0622,1.31,0.93,6.08,30.870001,3.07,3.53,2.44,25.15,1.2,1.61,10.95,0.945,4.87,3.89,25.76,7.47,15.76,0.905,3.17
23/09/2019,3.07198,1.31,0.95,5.98,30.17,3.13,3.52,2.38,24.9,1.16,1.62,10.82,0.975,4.82,3.84,25.68,7.5,15.27,0.89,3.12
30/09/2019,3.05241,1.32,0.955,5.93,30,3.13,3.53,2.4,25,1.16,1.62,10.86,0.975,4.84,3.84,25.66,7.5,15.31,0.885,3.1
